CameraID,pc,fc
10001,16,14
10002,12,4
10003,4,1
10004,20,18
10005,18,11
10006,9,5
10007,3,1
10008,2,0
10009,19,9
10010,20,1
10011,6,2
10012,6,2
10013,3,0
10014,15,5
10015,9,8
10016,7,5
10017,17,14
10018,15,5
10019,3,2
10020,20,9
10021,17,8
10022,5,1
10023,10,7
10024,18,16
10025,6,1
10026,16,6
10027,1,0
10028,5,1
10029,10,9
10030,0,0
10031,13,2
10032,16,15
10033,11,1
10034,20,10
10035,6,0
10036,8,3
10037,5,4
10038,16,1
10039,11,4
10040,1,0
10041,10,2
10042,7,2
10043,15,0
10044,19,12
10045,14,2
10046,17,9
10047,5,2
10048,15,1
10049,20,9
10050,6,1
10051,14,13
10052,10,6
10053,3,0
10054,14,11
10055,10,4
10056,15,6
10057,11,9
10058,2,1
10059,14,10
10060,17,15
10061,4,1
10062,6,5
10063,5,3
10064,7,2
10065,15,1
10066,6,5
10067,14,10
10068,20,6
10069,5,3
10070,20,2
10071,16,4
10072,6,5
10073,14,5
10074,5,3
10075,19,6
10076,4,2
10077,12,5
10078,0,0
10079,4,1
10080,1,0
10081,8,2
10082,16,6
10083,3,0
10084,16,13
10085,11,1
10086,17,3
10087,20,14
10088,20,4
10089,16,9
10090,6,3
10091,15,6
10092,2,0
10093,17,0
10094,1,0
10095,8,2
10096,19,3
10097,17,8
10098,15,7
10099,19,9
10100,5,0
10101,15,9
10102,19,4
10103,13,4
10104,6,0
10105,17,5
10106,5,2
10107,20,1
10108,4,2
10109,9,1
10110,13,0
10111,16,4
10112,17,5
10113,16,10
10114,6,3
10115,4,3
10116,3,2
10117,17,4
10118,17,10
10119,16,5
10120,11,10
10121,1,0
10122,4,3
10123,7,2
10124,11,6
10125,1,0
10126,18,5
10127,5,3
10128,1,0
10129,5,4
10130,9,0
10131,0,0
10132,9,6
10133,7,1
10134,4,0
10135,3,0
10136,9,0
10137,14,5
10138,4,3
10139,7,4
10140,10,5
10141,5,4
10142,6,2
10143,18,14
10144,0,0
10145,14,10
10146,16,13
10147,17,7
10148,12,0
10149,10,4
10150,14,0
10151,2,0
10152,15,0
10153,16,14
10154,15,7
10155,1,0
10156,7,6
10157,5,0
10158,10,0
10159,9,7
10160,14,10
10161,11,3
10162,17,7
10163,14,6
10164,12,5
10165,14,1
10166,16,12
10167,8,6
10168,16,7
10169,4,3
10170,3,1
10171,0,0
10172,19,18
10173,0,0
10174,6,5
10175,5,0
10176,7,1
10177,7,6
10178,12,4
10179,8,5
10180,16,8
10181,5,3
10182,10,5
10183,18,13
10184,4,0
10185,17,6
10186,14,11
10187,3,0
10188,20,10
10189,9,6
10190,16,5
10191,8,7
10192,20,16
10193,5,3
10194,17,12
10195,8,2
10196,8,2
10197,19,2
10198,12,6
10199,1,0
10200,15,1
10201,3,2
10202,7,0
10203,17,1
10204,10,0
10205,19,18
10206,19,1
10207,20,14
10208,10,5
10209,1,0
10210,9,5
10211,12,6
10212,0,0
10213,17,13
10214,7,4
10215,20,1
10216,2,1
10217,5,1
10218,7,6
10219,17,14
10220,13,6
10221,18,2
10222,13,2
10223,1,0
10224,11,4
10225,6,4
10226,2,1
10227,5,0
10228,11,2
10229,3,2
10230,20,14
10231,8,6
10232,7,0
10233,0,0
10234,5,2
10235,14,12
10236,16,15
10237,18,3
10238,7,3
10239,16,15
10240,9,8
10241,19,7
10242,6,1
10243,9,5
10244,8,1
10245,1,0
10246,5,1
10247,12,9
10248,1,0
10249,10,1
10250,2,0
10251,4,1
10252,1,0
10253,3,2
10254,5,0
10255,15,5
10256,8,0
10257,0,0
10258,7,4
10259,19,4
10260,7,4
10261,1,0
10262,0,0
10263,14,11
10264,20,10
10265,2,0
10266,16,7
10267,1,0
10268,7,5
10269,2,0
10270,4,1
10271,10,5
10272,6,0
10273,9,2
10274,20,2
10275,5,1
10276,9,5
10277,14,11
10278,0,0
10279,10,3
10280,19,9
10281,16,5
10282,7,2
10283,14,4
10284,20,18
10285,18,1
10286,8,5
10287,16,14
10288,15,10
10289,18,9
10290,15,0
10291,2,1
10292,2,1
10293,6,4
10294,2,0
10295,7,1
10296,16,15
10297,1,0
10298,1,0
10299,16,1
10300,14,9
10301,12,11
10302,8,0
10303,13,3
10304,4,0
10305,4,1
10306,15,14
10307,18,12
10308,13,7
10309,14,11
10310,11,10
10311,14,10
10312,2,1
10313,19,15
10314,0,0
10315,3,1
10316,15,9
10317,11,0
10318,0,0
10319,9,7
10320,3,2
10321,17,13
10322,2,0
10323,1,0
10324,19,1
10325,12,7
10326,9,7
10327,2,1
10328,13,8
10329,0,0
10330,15,1
10331,6,0
10332,9,6
10333,5,4
10334,2,0
10335,14,1
10336,6,4
10337,17,11
10338,6,1
10339,1,0
10340,10,3
10341,10,9
10342,13,9
10343,14,12
10344,13,10
10345,16,11
10346,9,6
10347,3,2
10348,20,2
10349,10,3
10350,8,7
10351,18,10
10352,12,0
10353,18,3
10354,14,11
10355,16,7
10356,8,7
10357,8,7
10358,8,4
10359,10,9
10360,0,0
10361,14,4
10362,2,1
10363,20,1
10364,9,2
10365,17,10
10366,15,0
10367,5,1
10368,9,8
10369,3,0
10370,6,4
10371,3,1
10372,13,0
10373,11,4
10374,12,6
10375,3,1
10376,10,3
10377,15,14
10378,10,4
10379,20,8
10380,4,2
10381,3,2
10382,20,6
10383,15,10
10384,20,5
10385,7,3
10386,8,4
10387,17,6
10388,12,9
10389,3,2
10390,16,7
10391,19,13
10392,13,5
10393,10,1
10394,17,8
10395,16,13
10396,13,11
10397,15,0
10398,0,0
10399,1,0
10400,9,6
10401,17,13
10402,18,2
10403,3,2
10404,12,5
10405,8,7
10406,16,10
10407,11,1
10408,3,0
10409,1,0
10410,2,0
10411,0,0
10412,13,12
10413,1,0
10414,1,0
10415,11,1
10416,13,1
10417,3,0
10418,9,0
10419,1,0
10420,1,0
10421,20,11
10422,16,5
10423,7,1
10424,3,1
10425,17,4
10426,9,8
10427,18,9
10428,14,8
10429,16,3
10430,19,9
10431,13,8
10432,4,3
10433,8,5
10434,20,2
10435,7,3
10436,0,0
10437,5,4
10438,6,4
10439,2,0
10440,17,10
10441,3,2
10442,1,0
10443,16,3
10444,11,0
10445,14,12
10446,7,0
10447,7,6
10448,18,17
10449,7,6
10450,19,15
10451,9,2
10452,17,16
10453,14,2
10454,1,0
10455,12,9
10456,3,0
10457,8,3
10458,17,16
10459,12,8
10460,8,1
10461,13,5
10462,20,11
10463,8,7
10464,11,7
10465,12,0
10466,5,2
10467,2,0
10468,12,9
10469,6,1
10470,2,0
10471,19,2
10472,20,14
10473,12,5
10474,8,4
10475,2,0
10476,17,16
10477,2,1
10478,7,3
10479,18,14
10480,5,4
10481,19,18
10482,14,3
10483,15,12
10484,6,5
10485,7,2
10486,2,0
10487,10,3
10488,18,0
10489,5,2
10490,14,0
10491,16,9
10492,1,0
10493,9,4
10494,8,1
10495,4,2
10496,7,2
10497,8,4
10498,1,0
10499,12,3
10500,6,5
10501,11,4
10502,17,4
10503,14,7
10504,7,4
10505,8,5
10506,20,17
10507,11,5
10508,2,1
10509,18,6
10510,1,0
10511,19,5
10512,4,3
10513,11,6
10514,9,2
10515,9,3
10516,0,0
10517,1,0
10518,20,19
10519,3,0
10520,0,0
10521,7,3
10522,18,6
10523,17,5
10524,1,0
10525,1,0
10526,2,1
10527,3,2
10528,5,1
10529,9,2
10530,11,8
10531,6,0
10532,13,3
10533,15,10
10534,5,0
10535,14,10
10536,14,3
10537,20,2
10538,14,10
10539,12,2
10540,11,1
10541,6,0
10542,6,5
10543,18,0
10544,20,3
10545,15,14
10546,4,1
10547,13,3
10548,5,1
10549,4,1
10550,16,0
10551,7,3
10552,14,0
10553,7,5
10554,3,0
10555,1,0
10556,20,1
10557,13,7
10558,6,3
10559,17,11
10560,1,0
10561,20,11
10562,4,2
10563,15,10
10564,10,9
10565,19,9
10566,9,4
10567,4,1
10568,14,11
10569,1,0
10570,16,7
10571,2,1
10572,14,3
10573,7,4
10574,2,1
10575,0,0
10576,15,9
10577,5,2
10578,20,19
10579,20,0
10580,8,6
10581,14,7
10582,14,10
10583,6,1
10584,5,3
10585,17,4
10586,1,0
10587,10,5
10588,0,0
10589,7,1
10590,13,4
10591,20,16
10592,11,5
10593,1,0
10594,1,0
10595,11,1
10596,17,13
10597,17,8
10598,18,10
10599,8,2
10600,4,2
10601,1,0
10602,3,2
10603,2,0
10604,18,13
10605,20,11
10606,20,10
10607,19,11
10608,9,2
10609,1,0
10610,8,3
10611,9,2
10612,19,6
10613,16,5
10614,15,9
10615,1,0
10616,17,7
10617,7,4
10618,19,4
10619,12,6
10620,0,0
10621,12,8
10622,13,6
10623,6,4
10624,18,4
10625,5,0
10626,7,1
10627,10,1
10628,9,0
10629,6,4
10630,4,1
10631,4,1
10632,15,10
10633,4,3
10634,6,1
10635,13,0
10636,6,3
10637,16,15
10638,20,14
10639,18,13
10640,6,1
10641,14,10
10642,10,1
10643,4,2
10644,0,0
10645,9,4
10646,5,2
10647,18,16
10648,11,7
10649,17,1
10650,9,4
10651,17,2
10652,10,8
10653,4,1
10654,18,2
10655,6,3
10656,9,2
10657,1,0
10658,17,16
10659,10,9
10660,5,1
10661,18,3
10662,15,6
10663,16,12
10664,19,13
10665,0,0
10666,16,5
10667,16,0
10668,1,0
10669,6,2
10670,4,3
10671,9,4
10672,9,6
10673,12,3
10674,18,11
10675,18,7
10676,2,0
10677,2,1
10678,9,8
10679,0,0
10680,14,8
10681,17,8
10682,3,2
10683,12,10
10684,15,11
10685,19,5
10686,10,5
10687,1,0
10688,11,7
10689,6,4
10690,5,4
10691,17,13
10692,13,1
10693,6,2
10694,12,8
10695,1,0
10696,5,4
10697,5,2
10698,16,7
10699,15,13
10700,20,9
10701,5,1
10702,3,1
10703,5,1
10704,1,0
10705,0,0
10706,13,6
10707,18,15
10708,19,8
10709,7,5
10710,18,4
10711,13,6
10712,19,9
10713,1,0
10714,14,2
10715,20,13
10716,1,0
10717,12,10
10718,9,7
10719,9,7
10720,17,6
10721,18,5
10722,6,3
10723,5,0
10724,17,1
10725,3,0
10726,10,0
10727,9,2
10728,9,2
10729,19,9
10730,14,12
10731,6,1
10732,7,5
10733,16,5
10734,6,0
10735,10,8
10736,8,3
10737,8,7
10738,12,7
10739,3,1
10740,7,4
10741,6,5
10742,16,11
10743,16,1
10744,15,2
10745,3,0
10746,9,3
10747,20,18
10748,20,18
10749,0,0
10750,6,3
10751,3,2
10752,0,0
10753,8,4
10754,12,8
10755,14,1
10756,17,9
10757,18,13
10758,6,5
10759,9,4
10760,14,12
10761,4,1
10762,0,0
10763,17,5
10764,5,2
10765,12,9
10766,20,6
10767,11,7
10768,15,5
10769,19,9
10770,2,1
10771,13,0
10772,16,6
10773,0,0
10774,11,8
10775,10,1
10776,7,6
10777,1,0
10778,7,5
10779,3,2
10780,15,5
10781,10,7
10782,19,18
10783,12,0
10784,2,0
10785,12,6
10786,12,11
10787,18,16
10788,1,0
10789,4,3
10790,4,0
10791,9,5
10792,16,7
10793,6,4
10794,16,0
10795,1,0
10796,8,4
10797,20,8
10798,6,2
10799,11,4
10800,19,8
10801,11,9
10802,8,2
10803,9,5
10804,5,4
10805,16,5
10806,5,4
10807,0,0
10808,16,13
10809,11,9
10810,8,2
10811,8,4
10812,0,0
10813,11,2
10814,18,3
10815,7,4
10816,20,16
10817,15,8
10818,3,1
10819,9,8
10820,20,15
10821,8,1
10822,6,0
10823,16,7
10824,10,6
10825,17,7
10826,17,12
10827,15,10
10828,13,2
10829,17,13
10830,8,1
10831,3,2
10832,16,15
10833,12,5
10834,18,8
10835,3,1
10836,2,1
10837,0,0
10838,7,3
10839,16,10
10840,16,12
10841,16,9
10842,7,2
10843,14,10
10844,12,5
10845,12,3
10846,5,4
10847,13,6
10848,3,0
10849,7,2
10850,16,6
10851,3,0
10852,15,4
10853,2,1
10854,4,0
10855,14,12
10856,5,1
10857,14,6
10858,6,5
10859,4,2
10860,10,9
10861,12,10
10862,10,8
10863,19,1
10864,16,2
10865,3,1
10866,15,8
10867,11,7
10868,11,6
10869,14,11
10870,13,6
10871,13,8
10872,1,0
10873,3,1
10874,0,0
10875,3,0
10876,6,3
10877,9,6
10878,5,3
10879,20,18
10880,20,0
10881,14,8
10882,6,5
10883,15,2
10884,13,5
10885,3,2
10886,16,11
10887,19,2
10888,18,11
10889,11,3
10890,5,1
10891,9,3
10892,19,1
10893,10,3
10894,19,5
10895,14,3
10896,2,1
10897,13,6
10898,6,5
10899,11,2
10900,1,0
10901,20,4
10902,10,8
10903,3,2
10904,11,7
10905,12,1
10906,20,3
10907,7,4
10908,3,2
10909,17,1
10910,12,4
10911,18,1
10912,17,15
10913,7,6
10914,3,0
10915,12,3
10916,18,1
10917,2,1
10918,20,11
10919,17,5
10920,10,3
10921,2,1
10922,1,0
10923,20,9
10924,0,0
10925,14,13
10926,20,1
10927,4,0
10928,2,0
10929,13,6
10930,6,0
10931,0,0
10932,10,6
10933,5,0
10934,11,7
10935,7,6
10936,15,7
10937,16,11
10938,10,6
10939,7,4
10940,1,0
10941,2,1
10942,17,4
10943,4,0
10944,2,0
10945,14,4
10946,19,18
10947,15,0
10948,7,5
10949,13,7
10950,10,8
10951,19,12
10952,13,5
10953,17,10
10954,6,2
10955,19,13
10956,11,4
10957,3,0
10958,3,1
10959,10,5
10960,11,2
10961,6,4
10962,12,10
10963,8,7
10964,4,0
10965,14,7
10966,17,12
10967,18,16
10968,12,10
10969,11,9
10970,7,0
10971,4,0
10972,14,8
10973,14,7
10974,0,0
10975,5,0
10976,10,7
10977,12,7
10978,4,3
10979,13,11
10980,7,6
10981,16,6
10982,18,1
10983,17,9
10984,2,0
10985,12,11
10986,4,0
10987,11,0
10988,11,4
10989,20,4
10990,0,0
10991,17,14
10992,0,0
10993,17,0
10994,2,0
10995,12,1
10996,12,0
10997,19,4
10998,18,11
10999,5,0
11000,2,1
11001,6,0
11002,6,2
11003,9,0
11004,14,13
11005,7,3
11006,10,4
11007,0,0
11008,14,0
11009,15,2
11010,1,0
11011,18,5
11012,17,2
11013,11,7
11014,17,13
11015,16,3
11016,4,1
11017,17,7
11018,18,11
11019,11,4
11020,14,12
11021,2,1
11022,7,4
11023,20,4
11024,13,5
11025,3,0
11026,19,7
11027,6,1
11028,18,12
11029,7,3
11030,9,0
11031,20,16
11032,18,3
11033,0,0
11034,3,0
11035,17,16
11036,10,1
11037,18,6
11038,17,16
11039,20,15
11040,14,5
11041,10,8
11042,19,5
11043,7,5
11044,14,1
11045,1,0
11046,14,1
11047,10,3
11048,8,2
11049,15,9
11050,19,2
11051,19,5
11052,0,0
11053,10,1
11054,0,0
11055,20,10
11056,19,13
11057,9,0
11058,14,8
11059,4,2
11060,5,3
11061,6,1
11062,0,0
11063,18,15
11064,3,2
11065,17,13
11066,14,11
11067,0,0
11068,1,0
11069,1,0
11070,11,6
11071,4,1
11072,16,8
11073,5,3
11074,6,4
11075,20,8
11076,15,4
11077,3,1
11078,20,15
11079,8,6
11080,7,0
11081,19,11
11082,3,2
11083,15,11
11084,13,5
11085,17,5
11086,5,4
11087,11,1
11088,13,0
11089,14,0
11090,5,2
11091,18,7
11092,0,0
11093,15,11
11094,9,6
11095,19,18
11096,16,10
11097,18,3
11098,1,0
11099,7,6
11100,13,3
11101,9,4
11102,4,0
11103,10,0
11104,3,1
11105,3,2
11106,10,5
11107,16,3
11108,4,0
11109,7,3
11110,4,0
11111,20,0
11112,1,0
11113,14,13
11114,19,9
11115,9,1
11116,0,0
11117,11,3
11118,12,8
11119,0,0
11120,7,3
11121,2,1
11122,10,7
11123,7,5
11124,4,3
11125,20,5
11126,1,0
11127,17,4
11128,16,11
11129,1,0
11130,3,2
11131,14,9
11132,10,1
11133,12,7
11134,5,1
11135,0,0
11136,8,0
11137,7,5
11138,14,12
11139,2,1
11140,18,0
11141,4,1
11142,5,4
11143,6,0
11144,11,3
11145,2,1
11146,7,0
11147,4,3
11148,7,4
11149,7,6
11150,17,1
11151,14,4
11152,12,3
11153,9,2
11154,8,6
11155,6,4
11156,4,3
11157,18,16
11158,0,0
11159,16,12
11160,13,4
11161,16,10
11162,3,0
11163,20,11
11164,17,11
11165,8,3
11166,4,0
11167,3,2
11168,8,0
11169,20,17
11170,6,2
11171,5,2
11172,8,5
11173,4,0
11174,1,0
11175,15,8
11176,10,2
11177,1,0
11178,13,0
11179,4,2
11180,20,12
11181,12,11
11182,5,0
11183,19,15
11184,12,0
11185,13,1
11186,9,0
11187,17,0
11188,5,3
11189,5,2
11190,18,8
11191,15,1
11192,8,4
11193,6,5
11194,15,0
11195,8,1
11196,13,0
11197,7,0
11198,4,3
11199,20,9
11200,0,0
11201,15,7
11202,9,0
11203,17,10
11204,19,6
11205,1,0
11206,17,16
11207,16,7
11208,4,1
11209,6,0
11210,1,0
11211,0,0
11212,17,9
11213,16,4
11214,0,0
11215,7,3
11216,2,0
11217,9,5
11218,1,0
11219,6,4
11220,19,6
11221,10,5
11222,12,8
11223,11,1
11224,4,3
11225,5,1
11226,19,18
11227,1,0
11228,19,2
11229,18,17
11230,6,1
11231,6,4
11232,17,4
11233,19,0
11234,15,12
11235,8,6
11236,12,3
11237,16,14
11238,1,0
11239,2,0
11240,1,0
11241,0,0
11242,20,0
11243,10,2
11244,14,7
11245,12,2
11246,15,3
11247,15,3
11248,10,4
11249,4,3
11250,1,0
11251,0,0
11252,7,0
11253,7,2
11254,17,9
11255,16,5
11256,13,4
11257,11,1
11258,1,0
11259,17,6
11260,10,7
11261,1,0
11262,1,0
11263,10,4
11264,16,8
11265,15,5
11266,14,10
11267,12,10
11268,5,4
11269,6,0
11270,18,2
11271,2,0
11272,12,7
11273,14,11
11274,15,5
11275,8,3
11276,13,0
11277,19,3
11278,13,12
11279,4,0
11280,20,3
11281,14,0
11282,11,9
11283,7,6
11284,9,7
11285,3,0
11286,7,6
11287,0,0
11288,20,16
11289,4,0
11290,11,8
11291,13,10
11292,18,6
11293,14,6
11294,5,1
11295,1,0
11296,19,7
11297,2,1
11298,13,11
11299,17,8
11300,19,17
11301,7,2
11302,20,16
11303,14,11
11304,8,1
11305,20,18
11306,2,0
11307,20,6
11308,13,11
11309,8,1
11310,6,5
11311,2,0
11312,14,1
11313,17,6
11314,0,0
11315,17,3
11316,9,6
11317,13,6
11318,8,7
11319,8,6
11320,20,0
11321,13,2
11322,2,1
11323,17,14
11324,20,5
11325,14,5
11326,11,0
11327,15,6
11328,16,1
11329,8,5
11330,10,5
11331,3,0
11332,10,0
11333,17,1
11334,13,8
11335,1,0
11336,1,0
11337,19,2
11338,6,2
11339,1,0
11340,9,5
11341,13,5
11342,15,8
11343,20,6
11344,4,2
11345,4,0
11346,7,2
11347,13,6
11348,15,7
11349,4,2
11350,16,15
11351,20,16
11352,5,2
11353,16,7
11354,18,10
11355,12,7
11356,1,0
11357,3,1
11358,13,10
11359,3,1
11360,19,10
11361,18,13
11362,7,4
11363,2,0
11364,12,0
11365,14,8
11366,2,0
11367,17,0
11368,12,8
11369,12,8
11370,12,10
11371,18,4
11372,19,17
11373,0,0
11374,14,5
11375,10,0
11376,0,0
11377,10,1
11378,14,2
11379,9,0
11380,13,10
11381,10,2
11382,4,3
11383,1,0
11384,20,12
11385,5,4
11386,17,12
11387,15,14
11388,8,1
11389,12,1
11390,16,3
11391,3,0
11392,16,15
11393,19,3
11394,1,0
11395,13,8
11396,12,4
11397,2,0
11398,12,10
11399,4,0
11400,12,0
11401,18,16
11402,10,8
11403,5,0
11404,9,6
11405,3,1
11406,2,0
11407,11,9
11408,15,12
11409,3,2
11410,8,5
11411,13,2
11412,17,12
11413,0,0
11414,17,2
11415,12,5
11416,5,1
11417,4,2
11418,2,1
11419,12,2
11420,12,7
11421,17,6
11422,14,10
11423,13,2
11424,6,4
11425,4,3
11426,10,9
11427,2,0
11428,7,3
11429,19,10
11430,7,6
11431,15,3
11432,2,0
11433,8,0
11434,5,4
11435,11,0
11436,15,8
11437,10,1
11438,16,10
11439,0,0
11440,9,6
11441,2,1
11442,9,3
11443,16,13
11444,12,2
11445,13,7
11446,13,5
11447,16,15
11448,18,5
11449,3,1
11450,10,3
11451,4,0
11452,5,2
11453,12,10
11454,2,1
11455,19,6
11456,7,4
11457,14,12
11458,5,0
11459,12,6
11460,12,9
11461,17,12
11462,20,3
11463,14,5
11464,15,3
11465,10,5
11466,6,2
11467,11,7
11468,0,0
11469,12,10
11470,13,1
11471,10,8
11472,4,0
11473,2,1
11474,7,0
11475,14,9
11476,13,0
11477,18,4
11478,16,14
11479,4,2
11480,4,2
11481,3,1
11482,17,14
11483,2,0
11484,18,0
11485,3,0
11486,15,12
11487,14,13
11488,4,0
11489,14,5
11490,20,7
11491,10,5
11492,9,3
11493,9,6
11494,0,0
11495,17,5
11496,12,11
11497,20,13
11498,2,1
11499,4,3
11500,16,1
11501,18,16
11502,2,1
11503,6,0
11504,0,0
11505,2,1
11506,10,2
11507,15,7
11508,6,0
11509,15,6
11510,20,9
11511,13,6
11512,14,11
11513,19,10
11514,14,2
11515,6,2
11516,0,0
11517,18,8
11518,4,3
11519,20,9
11520,17,11
11521,10,9
11522,7,6
11523,11,5
11524,0,0
11525,16,3
11526,15,8
11527,11,6
11528,11,7
11529,18,9
11530,8,3
11531,10,3
11532,17,3
11533,13,3
11534,2,0
11535,7,0
11536,20,8
11537,16,7
11538,6,4
11539,11,5
11540,9,5
11541,7,1
11542,9,2
11543,18,3
11544,0,0
11545,17,16
11546,4,0
11547,7,0
11548,3,0
11549,4,0
11550,14,10
11551,6,1
11552,0,0
11553,20,12
11554,10,6
11555,7,6
11556,18,10
11557,10,0
11558,7,4
11559,7,2
11560,10,9
11561,16,15
11562,14,11
11563,4,0
11564,17,16
11565,15,12
11566,15,4
11567,15,14
11568,20,15
11569,9,0
11570,8,7
11571,16,9
11572,15,13
11573,1,0
11574,13,4
11575,10,9
11576,16,4
11577,12,7
11578,9,1
11579,15,2
11580,18,4
11581,17,8
11582,17,1
11583,8,0
11584,20,17
11585,4,2
11586,10,8
11587,15,0
11588,18,2
11589,4,0
11590,12,6
11591,5,0
11592,18,12
11593,1,0
11594,20,0
11595,2,1
11596,12,10
11597,10,0
11598,7,6
11599,13,4
11600,5,2
11601,20,0
11602,7,0
11603,6,0
11604,0,0
11605,13,5
11606,14,7
11607,15,1
11608,11,6
11609,8,1
11610,5,3
11611,3,0
11612,15,0
11613,0,0
11614,14,9
11615,15,1
11616,7,6
11617,9,1
11618,6,0
11619,10,7
11620,2,1
11621,18,5
11622,1,0
11623,16,7
11624,6,5
11625,19,12
11626,3,0
11627,3,0
11628,3,1
11629,2,1
11630,2,1
11631,2,0
11632,0,0
11633,10,5
11634,18,13
11635,11,7
11636,5,2
11637,11,10
11638,8,4
11639,6,0
11640,2,0
11641,1,0
11642,10,0
11643,3,2
11644,6,4
11645,8,6
11646,7,4
11647,14,13
11648,16,1
11649,0,0
11650,16,7
11651,11,10
11652,18,1
11653,20,8
11654,13,7
11655,7,2
11656,16,11
11657,17,3
11658,17,13
11659,10,9
11660,4,1
11661,2,1
11662,9,6
11663,12,6
11664,0,0
11665,5,4
11666,13,4
11667,7,1
11668,8,4
11669,3,0
11670,17,11
11671,13,4
11672,1,0
11673,9,6
11674,4,2
11675,11,8
11676,7,2
11677,6,5
11678,17,10
11679,15,10
11680,3,0
11681,7,0
11682,13,12
11683,3,1
11684,19,13
11685,9,3
11686,14,10
11687,1,0
11688,12,8
11689,9,5
11690,3,2
11691,15,7
11692,7,2
11693,3,1
11694,14,0
11695,12,6
11696,6,0
11697,6,3
11698,7,4
11699,9,0
11700,13,7
11701,3,1
11702,4,1
11703,12,4
11704,0,0
11705,8,2
11706,6,2
11707,7,3
11708,15,2
11709,14,10
11710,1,0
11711,3,1
11712,10,8
11713,20,14
11714,0,0
11715,11,0
11716,13,5
11717,15,5
11718,12,3
11719,13,1
11720,15,12
11721,1,0
11722,9,6
11723,3,2
11724,8,6
11725,18,13
11726,2,0
11727,17,0
11728,10,4
11729,11,9
11730,10,8
11731,10,2
11732,17,13
11733,8,0
11734,20,12
11735,6,3
11736,11,3
11737,2,1
11738,14,13
11739,10,0
11740,9,0
11741,1,0
11742,0,0
11743,7,5
11744,13,6
11745,20,16
11746,18,7
11747,3,1
11748,9,5
11749,9,1
11750,3,2
11751,7,0
11752,18,6
11753,9,5
11754,10,8
11755,18,7
11756,1,0
11757,10,0
11758,3,2
11759,20,3
11760,18,6
11761,4,1
11762,1,0
11763,0,0
11764,19,7
11765,10,5
11766,2,0
11767,13,1
11768,5,4
11769,19,9
11770,8,7
11771,17,16
11772,4,0
11773,2,1
11774,0,0
11775,2,1
11776,16,2
11777,10,9
11778,4,2
11779,1,0
11780,16,15
11781,18,10
11782,17,6
11783,15,11
11784,10,5
11785,17,6
11786,18,7
11787,10,2
11788,15,12
11789,17,8
11790,1,0
11791,8,1
11792,15,3
11793,15,8
11794,9,4
11795,3,0
11796,3,0
11797,2,0
11798,6,2
11799,19,3
11800,17,12
11801,17,15
11802,16,4
11803,19,2
11804,2,0
11805,2,0
11806,18,3
11807,9,5
11808,18,4
11809,10,8
11810,8,4
11811,20,9
11812,10,0
11813,18,10
11814,2,0
11815,14,1
11816,14,0
11817,5,1
11818,16,7
11819,14,2
11820,0,0
11821,10,6
11822,3,0
11823,0,0
11824,19,7
11825,9,8
11826,20,15
11827,8,5
11828,9,6
11829,6,4
11830,8,1
11831,16,1
11832,3,2
11833,7,4
11834,12,0
11835,18,9
11836,14,0
11837,16,15
11838,5,2
11839,6,1
11840,6,5
11841,6,3
11842,10,8
11843,7,3
11844,9,7
11845,15,13
11846,16,8
11847,18,13
11848,18,11
11849,18,10
11850,19,0
11851,7,5
11852,10,2
11853,6,2
11854,12,7
11855,7,6
11856,3,0
11857,11,6
11858,19,9
11859,4,2
11860,7,0
11861,20,11
11862,2,0
11863,14,9
11864,4,3
11865,15,3
11866,19,9
11867,4,3
11868,7,0
11869,18,6
11870,10,7
11871,14,6
11872,19,10
11873,0,0
11874,4,2
11875,0,0
11876,13,1
11877,17,2
11878,9,5
11879,11,7
11880,12,3
11881,6,0
11882,16,1
11883,5,1
11884,13,8
11885,10,6
11886,18,13
11887,1,0
11888,20,8
11889,1,0
11890,4,0
11891,6,4
11892,1,0
11893,16,12
11894,9,5
11895,11,3
11896,9,3
11897,7,4
11898,17,7
11899,6,0
11900,17,0
11901,11,9
11902,18,10
11903,11,3
11904,4,3
11905,19,4
11906,11,6
11907,12,5
11908,3,0
11909,0,0
11910,6,3
11911,14,0
11912,9,2
11913,20,1
11914,20,15
11915,5,4
11916,13,4
11917,4,3
11918,2,0
11919,1,0
11920,15,2
11921,11,0
11922,20,5
11923,4,0
11924,16,15
11925,4,2
11926,14,13
11927,16,15
11928,7,5
11929,9,0
11930,1,0
11931,10,3
11932,14,3
11933,12,11
11934,3,2
11935,7,2
11936,2,1
11937,2,1
11938,15,5
11939,16,9
11940,10,9
11941,1,0
11942,4,3
11943,2,0
11944,0,0
11945,0,0
11946,17,2
11947,16,3
11948,16,2
11949,15,6
11950,18,7
11951,10,0
11952,16,9
11953,7,6
11954,14,0
11955,16,4
11956,14,9
11957,3,1
11958,14,3
11959,13,3
11960,9,7
11961,6,2
11962,6,4
11963,8,4
11964,19,4
11965,17,1
11966,0,0
11967,0,0
11968,10,7
11969,11,7
11970,9,5
11971,10,5
11972,12,6
11973,12,1
11974,11,0
11975,18,0
11976,11,0
11977,14,4
11978,6,4
11979,9,3
11980,14,11
11981,0,0
11982,3,2
11983,9,2
11984,0,0
11985,15,9
11986,17,5
11987,0,0
11988,6,4
11989,14,10
11990,19,13
11991,18,13
11992,16,5
11993,15,11
11994,15,14
11995,20,5
11996,9,2
11997,9,0
11998,12,1
11999,5,3
12000,3,2
12001,12,5
12002,16,12
12003,12,3
12004,19,15
12005,1,0
12006,15,11
12007,17,16
12008,6,2
12009,7,4
12010,17,5
12011,10,7
12012,0,0
12013,0,0
12014,19,3
12015,19,4
12016,15,0
12017,7,1
12018,18,12
12019,20,3
12020,1,0
12021,3,1
12022,20,13
12023,16,7
12024,10,9
12025,17,13
12026,2,1
12027,12,7
12028,0,0
12029,0,0
12030,7,6
12031,10,3
12032,17,8
12033,1,0
12034,11,7
12035,2,1
12036,3,0
12037,13,1
12038,4,0
12039,14,2
12040,14,12
12041,8,2
12042,7,0
12043,14,5
12044,14,3
12045,14,10
12046,13,4
12047,5,1
12048,9,1
12049,5,3
12050,7,0
12051,7,3
12052,4,1
12053,7,1
12054,13,11
12055,3,0
12056,7,1
12057,0,0
12058,12,9
12059,11,0
12060,6,3
12061,5,4
12062,17,16
12063,20,5
12064,6,3
12065,8,7
12066,19,6
12067,7,5
12068,5,4
12069,20,1
12070,18,2
12071,12,1
12072,1,0
12073,14,13
12074,0,0
12075,12,3
12076,7,0
12077,16,8
12078,0,0
12079,3,1
12080,4,3
12081,2,1
12082,13,7
12083,20,11
12084,1,0
12085,3,1
12086,13,0
12087,15,8
12088,12,6
12089,14,9
12090,3,2
12091,10,8
12092,15,0
12093,13,3
12094,2,0
12095,14,1
12096,16,6
12097,3,2
12098,9,4
12099,0,0
12100,13,1
12101,20,13
12102,7,4
12103,13,2
12104,12,4
12105,13,11
12106,2,1
12107,1,0
12108,9,3
12109,11,1
12110,10,5
12111,0,0
12112,5,1
12113,1,0
12114,7,1
12115,20,14
12116,9,2
12117,19,11
12118,1,0
12119,17,11
12120,10,8
12121,20,15
12122,5,4
12123,6,1
12124,11,9
12125,9,4
12126,13,1
12127,14,8
12128,18,13
12129,9,0
12130,17,2
12131,9,2
12132,1,0
12133,6,3
12134,16,2
12135,3,1
12136,3,1
12137,3,1
12138,6,2
12139,12,10
12140,6,3
12141,4,3
12142,17,10
12143,11,10
12144,2,1
12145,0,0
12146,6,5
12147,11,3
12148,1,0
12149,1,0
12150,14,9
12151,13,11
12152,14,2
12153,6,2
12154,3,1
12155,1,0
12156,3,2
12157,15,0
12158,15,10
12159,0,0
12160,18,13
12161,2,0
12162,9,8
12163,12,11
12164,13,8
12165,17,9
12166,1,0
12167,0,0
12168,20,8
12169,12,9
12170,14,12
12171,12,4
12172,7,2
12173,1,0
12174,9,2
12175,12,3
12176,15,12
12177,9,2
12178,10,9
12179,1,0
12180,0,0
12181,1,0
12182,15,11
12183,0,0
12184,1,0
12185,2,0
12186,13,11
12187,7,5
12188,11,7
12189,10,1
12190,14,10
12191,18,12
12192,8,4
12193,8,0
12194,6,2
12195,15,7
12196,17,16
12197,2,0
12198,1,0
12199,3,2
12200,20,1
12201,0,0
12202,1,0
12203,12,6
12204,20,11
12205,14,2
12206,2,0
12207,8,2
12208,15,13
12209,11,2
12210,10,0
12211,9,7
12212,15,10
12213,7,1
12214,11,8
12215,4,3
12216,20,1
12217,12,5
12218,10,5
12219,20,3
12220,5,0
12221,3,0
12222,5,2
12223,9,7
12224,1,0
12225,9,6
12226,16,3
12227,7,2
12228,3,0
12229,8,4
12230,6,5
12231,5,4
12232,6,5
12233,6,0
12234,13,9
12235,19,0
12236,7,5
12237,3,2
12238,19,4
12239,9,0
12240,4,2
12241,19,7
12242,17,11
12243,20,5
12244,13,10
12245,15,0
12246,9,1
12247,0,0
12248,9,0
12249,10,2
12250,14,1
12251,3,2
12252,2,1
12253,3,1
12254,20,6
12255,8,5
12256,12,4
12257,0,0
12258,18,14
12259,6,5
12260,17,0
12261,10,1
12262,12,8
12263,11,1
12264,5,1
12265,4,1
12266,18,13
12267,4,3
12268,5,4
12269,2,1
12270,17,7
12271,10,0
12272,8,1
12273,17,3
12274,5,4
12275,15,4
12276,14,10
12277,3,2
12278,7,2
12279,13,12
12280,16,4
12281,8,5
12282,6,4
12283,8,5
12284,6,2
12285,1,0
12286,0,0
12287,13,1
12288,15,10
12289,8,7
12290,11,6
12291,14,10
12292,0,0
12293,9,7
12294,4,1
12295,19,10
12296,0,0
12297,11,1
12298,20,10
12299,3,2
12300,19,5
12301,9,1
12302,16,5
12303,17,2
12304,13,1
12305,7,5
12306,10,2
12307,11,7
12308,9,0
12309,11,2
12310,5,0
12311,9,3
12312,0,0
12313,10,3
12314,17,5
12315,8,1
12316,0,0
12317,18,13
12318,9,3
12319,17,9
12320,7,6
12321,13,4
12322,14,7
12323,11,6
12324,0,0
12325,6,3
12326,4,2
12327,20,14
12328,0,0
12329,18,15
12330,20,1
12331,6,5
12332,7,3
12333,18,9
12334,9,8
12335,13,5
12336,16,4
12337,8,3
12338,19,7
12339,1,0
12340,8,3
12341,13,12
12342,12,9
12343,18,2
12344,9,8
12345,15,1
12346,1,0
12347,19,5
12348,1,0
12349,4,0
12350,12,8
12351,15,12
12352,15,7
12353,1,0
12354,19,8
12355,9,0
12356,12,7
12357,1,0
12358,20,9
12359,9,2
12360,16,9
12361,7,0
12362,13,1
12363,8,2
12364,6,4
12365,15,0
12366,16,8
12367,9,8
12368,17,4
12369,17,2
12370,0,0
12371,11,3
12372,6,2
12373,8,3
12374,2,1
12375,2,0
12376,2,1
12377,5,0
12378,0,0
12379,8,2
12380,2,0
12381,10,7
12382,8,1
12383,19,12
12384,20,6
12385,2,0
12386,19,9
12387,20,18
12388,10,3
12389,10,6
12390,3,1
12391,19,15
12392,8,4
12393,1,0
12394,1,0
12395,9,8
12396,8,6
12397,6,2
12398,1,0
12399,17,7
12400,8,0
12401,7,6
12402,7,6
12403,18,5
12404,5,3
12405,7,3
12406,20,18
12407,10,1
12408,4,1
12409,9,7
12410,7,0
12411,2,1
12412,17,6
12413,15,6
12414,5,2
12415,13,10
12416,19,18
12417,18,0
12418,2,1
12419,4,2
12420,7,4
12421,10,4
12422,4,1
12423,5,3
12424,9,5
12425,9,1
12426,20,8
12427,1,0
12428,19,11
12429,19,9
12430,4,1
12431,6,0
12432,13,9
12433,2,0
12434,0,0
12435,20,9
12436,8,5
12437,9,1
12438,20,8
12439,8,4
12440,19,2
12441,1,0
12442,7,5
12443,1,0
12444,12,7
12445,10,7
12446,8,6
12447,18,16
12448,2,0
12449,18,9
12450,8,3
12451,3,0
12452,4,1
12453,8,1
12454,8,5
12455,0,0
12456,20,16
12457,7,6
12458,20,10
12459,12,3
12460,10,7
12461,5,1
12462,11,4
12463,13,11
12464,9,0
12465,10,0
12466,7,3
12467,20,4
12468,2,0
12469,20,0
12470,0,0
12471,6,5
12472,20,1
12473,0,0
12474,20,14
12475,13,2
12476,11,6
12477,1,0
12478,10,0
12479,11,2
12480,20,8
12481,11,7
12482,14,0
12483,8,1
12484,15,11
12485,1,0
12486,6,1
12487,15,9
12488,14,0
12489,8,7
12490,14,5
12491,14,9
12492,14,1
12493,12,3
12494,2,0
12495,6,4
12496,17,2
12497,7,2
12498,6,1
12499,7,5
12500,15,6
12501,0,0
12502,4,2
12503,10,7
12504,18,4
12505,9,5
12506,16,4
12507,20,0
12508,18,7
12509,2,0
12510,17,9
12511,10,7
12512,10,1
12513,10,5
12514,16,2
12515,18,0
12516,17,13
12517,4,3
12518,2,1
12519,4,3
12520,16,9
12521,7,6
12522,17,14
12523,1,0
12524,10,0
12525,18,2
12526,3,1
12527,6,5
12528,10,1
12529,9,4
12530,11,5
12531,5,0
12532,19,5
12533,10,0
12534,14,12
12535,15,9
12536,10,9
12537,12,7
12538,16,9
12539,8,1
12540,7,5
12541,16,9
12542,19,9
12543,8,7
12544,5,1
12545,8,2
12546,16,2
12547,10,4
12548,1,0
12549,18,17
12550,1,0
12551,19,2
12552,1,0
12553,3,1
12554,19,18
12555,2,1
12556,3,1
12557,3,0
12558,19,12
12559,19,7
12560,10,5
12561,0,0
12562,10,2
12563,2,1
12564,14,1
12565,4,3
12566,9,6
12567,1,0
12568,2,0
12569,17,6
12570,6,2
12571,10,0
12572,14,6
12573,2,0
12574,13,11
12575,3,2
12576,5,2
12577,17,6
12578,1,0
12579,20,9
12580,7,2
12581,1,0
12582,19,2
12583,0,0
12584,10,6
12585,14,11
12586,15,5
12587,12,1
12588,14,11
12589,7,3
12590,11,1
12591,12,0
12592,19,3
12593,2,0
12594,17,16
12595,13,10
12596,2,1
12597,3,1
12598,2,0
12599,11,7
12600,16,10
12601,10,2
12602,17,4
12603,18,0
12604,17,1
12605,13,8
12606,4,3
12607,2,0
12608,10,9
12609,20,0
12610,17,12
12611,11,3
12612,15,1
12613,3,2
12614,7,1
12615,19,0
12616,19,7
12617,12,5
12618,8,7
12619,7,6
12620,1,0
12621,20,3
12622,10,3
12623,2,1
12624,10,5
12625,12,1
12626,14,6
12627,12,5
12628,13,11
12629,14,12
12630,12,6
12631,6,1
12632,4,0
12633,14,11
12634,20,13
12635,7,1
12636,13,10
12637,13,2
12638,7,3
12639,2,0
12640,17,16
12641,12,6
12642,17,14
12643,16,9
12644,7,1
12645,1,0
12646,3,2
12647,17,0
12648,14,10
12649,3,2
12650,13,4
12651,8,5
12652,9,3
12653,1,0
12654,18,10
12655,20,14
12656,17,4
12657,19,5
12658,15,4
12659,9,6
12660,17,10
12661,11,10
12662,9,1
12663,0,0
12664,6,3
12665,19,16
12666,3,1
12667,7,0
12668,20,14
12669,7,5
12670,6,4
12671,10,5
12672,13,6
12673,9,7
12674,5,3
12675,1,0
12676,14,10
12677,7,4
12678,9,5
12679,9,6
12680,6,5
12681,0,0
12682,4,0
12683,5,3
12684,15,14
12685,9,5
12686,18,13
12687,19,5
12688,14,13
12689,7,5
12690,0,0
12691,8,1
12692,14,6
12693,19,18
12694,12,0
12695,10,4
12696,5,4
12697,0,0
12698,9,3
12699,7,1
12700,1,0
12701,9,2
12702,0,0
12703,9,8
12704,16,8
12705,20,19
12706,13,0
12707,20,16
12708,12,1
12709,16,15
12710,14,0
12711,1,0
12712,11,8
12713,9,2
12714,12,10
12715,20,5
12716,3,0
12717,1,0
12718,6,2
12719,2,0
12720,8,6
12721,20,7
12722,14,3
12723,10,7
12724,3,2
12725,19,2
12726,7,3
12727,16,5
12728,3,0
12729,16,12
12730,8,6
12731,7,6
12732,19,12
12733,1,0
12734,7,4
12735,20,11
12736,3,2
12737,8,4
12738,18,15
12739,5,4
12740,18,5
12741,10,9
12742,8,2
12743,6,2
12744,0,0
12745,14,6
12746,9,3
12747,20,11
12748,6,5
12749,1,0
12750,11,10
12751,9,1
12752,9,5
12753,3,1
12754,1,0
12755,3,1
12756,6,2
12757,9,1
12758,10,5
12759,4,3
12760,3,2
12761,6,5
12762,15,3
12763,17,4
12764,8,3
12765,11,3
12766,13,0
12767,19,15
12768,9,0
12769,10,0
12770,19,8
12771,2,0
12772,7,0
12773,4,3
12774,10,3
12775,3,1
12776,16,6
12777,4,1
12778,7,5
12779,0,0
12780,9,7
12781,19,9
12782,4,3
12783,16,10
12784,15,8
12785,6,3
12786,16,3
12787,11,7
12788,18,16
12789,2,1
12790,20,9
12791,12,0
12792,7,0
12793,6,0
12794,9,2
12795,11,4
12796,2,1
12797,9,6
12798,20,12
12799,18,14
12800,1,0
12801,10,8
12802,17,3
12803,6,2
12804,19,12
12805,16,4
12806,6,5
12807,17,4
12808,0,0
12809,8,7
12810,2,1
12811,2,1
12812,1,0
12813,16,1
12814,8,4
12815,7,1
12816,4,1
12817,10,6
12818,15,1
12819,12,3
12820,2,0
12821,17,13
12822,0,0
12823,16,13
12824,14,3
12825,10,4
12826,14,9
12827,17,4
12828,17,8
12829,8,4
12830,12,9
12831,12,6
12832,2,1
12833,16,4
12834,4,3
12835,7,6
12836,6,0
12837,11,0
12838,14,12
12839,3,2
12840,2,1
12841,10,1
12842,7,2
12843,19,0
12844,9,8
12845,4,3
12846,6,3
12847,15,14
12848,8,3
12849,14,11
12850,10,9
12851,14,13
12852,4,1
12853,19,8
12854,3,1
12855,19,14
12856,15,6
12857,4,1
12858,13,3
12859,12,4
12860,5,3
12861,20,5
12862,17,3
12863,8,3
12864,20,1
12865,20,11
12866,12,7
12867,13,7
12868,4,1
12869,16,7
12870,15,8
12871,20,10
12872,0,0
12873,8,1
12874,2,1
12875,7,5
12876,1,0
12877,0,0
12878,0,0
12879,4,0
12880,20,18
12881,16,8
12882,20,18
12883,10,5
12884,18,3
12885,14,0
12886,20,11
12887,1,0
12888,20,18
12889,8,1
12890,13,3
12891,6,4
12892,12,7
12893,18,1
12894,4,0
12895,12,3
12896,9,1
12897,16,2
12898,9,3
12899,20,9
12900,9,2
12901,2,1
12902,15,9
12903,2,1
12904,4,3
12905,11,7
12906,0,0
12907,11,1
12908,11,2
12909,10,2
12910,14,5
12911,0,0
12912,8,1
12913,11,9
12914,8,3
12915,18,1
12916,10,2
12917,9,0
12918,11,0
12919,7,1
12920,17,1
12921,1,0
12922,11,9
12923,11,8
12924,20,2
12925,6,5
12926,14,0
12927,8,2
12928,15,8
12929,7,0
12930,7,5
12931,0,0
12932,12,1
12933,10,3
12934,7,0
12935,12,6
12936,15,1
12937,15,0
12938,8,7
12939,20,12
12940,16,1
12941,11,4
12942,6,5
12943,8,7
12944,15,2
12945,12,5
12946,1,0
12947,16,0
12948,14,0
12949,5,4
12950,10,1
12951,16,10
12952,20,4
12953,9,0
12954,1,0
12955,6,4
12956,12,2
12957,2,0
12958,19,6
12959,4,3
12960,7,0
12961,20,13
12962,17,9
12963,4,3
12964,11,4
12965,6,2
12966,4,0
12967,8,2
12968,0,0
12969,20,5
12970,4,0
12971,7,0
12972,9,6
12973,3,2
12974,16,9
12975,8,7
12976,7,2
12977,16,1
12978,11,3
12979,2,1
12980,10,4
12981,20,8
12982,20,4
12983,2,0
12984,15,8
12985,11,6
12986,15,9
12987,3,2
12988,11,2
12989,9,8
12990,19,11
12991,4,1
12992,0,0
12993,2,1
12994,14,0
12995,3,0
12996,3,1
12997,5,4
12998,16,5
12999,16,9
13000,20,8
13001,16,12
