MemoryID,ram,int_memory
30001,3476,5.0
30002,3895,61.0
30003,2396,27.0
30004,3893,25.0
30005,1773,49.0
30006,3506,50.0
30007,3873,47.0
30008,1495,62.0
30009,3485,25.0
30010,651,25.0
30011,3866,55.0
30012,3911,34.0
30013,439,30.0
30014,992,19.0
30015,2751,51.0
30016,563,53.0
30017,2083,26.0
30018,2187,48.0
30019,3902,37.0
30020,2524,37.0
30021,1357,7.0
30022,3456,60.0
30023,1641,50.0
30024,2322,58.0
30025,3862,5.0
30026,557,43.0
30027,2427,17.0
30028,625,8.0
30029,3836,15.0
30030,854,38.0
30031,2383,11.0
30032,926,56.0
30033,3048,32.0
30034,824,49.0
30035,874,45.0
30036,1617,32.587963
30037,3309,8.0
30038,1786,28.0
30039,3128,40.0
30040,2243,2.0
30041,994,47.0
30042,2749,43.0
30043,793,12.0
30044,324,17.0
30045,366,48.0
30046,1228,57.0
30047,1413,20.0
30048,2617,13.0
30049,1798,33.0
30050,2693,29.0
30051,2437,32.0
30052,837,33.0
30053,2815,56.0
30054,1440,47.0
30055,3470,20.0
30056,1251,24.0
30057,3181,54.0
30058,1361,7.0
30059,1630,15.0
30060,3689,25.0
30061,3586,22.0
30062,3942,56.0
30063,1431,38.0
30064,2167,39.0
30065,1248,22.0
30066,1986,47.0
30067,1378,28.0
30068,2959,10.0
30069,1893,53.0
30070,1676,23.0
30071,1912,36.0
30072,1947,58.0
30073,2734,40.0
30074,3617,32.0
30075,3414,63.0
30076,482,41.0
30077,2813,6.0
30078,661,64.0
30079,2546,20.0
30080,3922,34.0
30081,1199,56.0
30082,3779,24.0
30083,3870,36.0
30084,858,61.0
30085,3840,15.0
30086,454,20.0
30087,3953,28.0
30088,1633,42.0
30089,3035,48.0
30090,966,27.0
30091,1938,51.0
30092,2820,17.0
30093,305,3.0
30094,2838,41.0
30095,2042,3.0
30096,700,27.0
30097,2593,26.0
30098,1835,47.0
30099,3121,23.0
30100,2023,24.0
30101,737,19.0
30102,450,15.0
30103,2928,19.0
30104,1694,34.0
30105,2593,58.0
30106,745,15.0
30107,1310,51.0
30108,2743,34.0
30109,3976,30.0
30110,3931,40.0
30111,3455,63.0
30112,1533,64.0
30113,3876,52.0
30114,3239,2.0
30115,3628,38.0
30116,3663,19.0
30117,1786,62.0
30118,3502,5.0
30119,815,58.0
30120,275,25.0
30121,3758,62.0
30122,2747,38.0
30123,1809,64.0
30124,2086,50.0
30125,444,16.0
30126,3467,25.0
30127,2776,24.0
30128,3170,23.0
30129,1234,31.0
30130,305,16.0
30131,1745,14.0
30132,1707,24.0
30133,2220,21.0
30134,3130,56.0
30135,1500,10.0
30136,2145,33.0
30137,488,63.0
30138,3863,54.0
30139,2913,60.0
30140,2094,60.0
30141,3141,44.0
30142,2573,33.0
30143,2340,57.0
30144,3788,16.0
30145,3445,9.0
30146,3241,37.0
30147,2976,44.0
30148,2241,58.0
30149,3843,61.0
30150,3261,5.0
30151,3264,46.0
30152,826,8.0
30153,1314,30.0
30154,2699,38.0
30155,2565,4.0
30156,3973,23.0
30157,3537,42.0
30158,3449,7.0
30159,3895,8.0
30160,2777,38.0
30161,2904,47.0
30162,3774,17.0
30163,3034,32.0
30164,2940,50.0
30165,3932,36.0
30166,1168,50.0
30167,376,12.0
30168,3510,43.0
30169,542,3.0
30170,550,18.0
30171,791,24.0
30172,1895,63.0
30173,609,55.0
30174,263,14.0
30175,2141,35.0
30176,1270,25.0
30177,403,33.0
30178,2040,10.0
30179,2597,21.0
30180,714,42.0
30181,423,10.0
30182,1238,9.0
30183,926,48.0
30184,2704,28.0
30185,2817,33.0
30186,2271,39.0
30187,1513,9.0
30188,339,39.0
30189,794,39.0
30190,391,28.0
30191,541,23.0
30192,648,55.0
30193,3386,62.0
30194,1651,26.0
30195,1177,49.0
30196,2887,3.0
30197,2178,2.0
30198,2878,4.0
30199,3201,64.0
30200,1490,51.0
30201,2724,23.0
30202,3032,56.0
30203,3352,43.0
30204,3195,38.0
30205,1677,25.0
30206,2620,12.0
30207,1061,61.0
30208,1018,11.0
30209,1370,26.0
30210,2094,41.0
30211,2790,43.0
30212,1485,48.0
30213,2807,64.0
30214,3528,52.0
30215,3391,24.0
30216,1073,48.0
30217,2811,20.0
30218,778,21.0
30219,3628,11.0
30220,2637,16.0
30221,2892,59.0
30222,2805,62.0
30223,804,4.0
30224,361,53.0
30225,1453,4.0
30226,359,54.0
30227,3886,54.0
30228,557,29.0
30229,2005,58.0
30230,630,56.0
30231,2741,44.0
30232,2214,45.0
30233,1387,49.0
30234,3148,57.0
30235,853,43.0
30236,3614,20.0
30237,1006,41.0
30238,3959,9.0
30239,1743,7.0
30240,2192,28.0
30241,329,51.0
30242,502,27.0
30243,3000,15.0
30244,1413,63.0
30245,2913,5.0
30246,2684,15.0
30247,3428,58.0
30248,1629,31.0
30249,1873,41.0
30250,3751,64.0
30251,637,32.0
30252,603,53.0
30253,3067,7.0
30254,3268,28.0
30255,3816,40.0
30256,1850,5.0
30257,3481,26.0
30258,1695,54.0
30259,625,5.0
30260,3203,35.0
30261,2440,13.0
30262,1934,42.0
30263,3278,37.0
30264,3764,34.0
30265,3571,18.0
30266,3881,10.0
30267,1663,57.0
30268,524,11.0
30269,1853,26.0
30270,2067,6.0
30271,3325,16.0
30272,2151,7.0
30273,2044,27.0
30274,3946,58.0
30275,2110,3.0
30276,656,35.0
30277,3297,7.0
30278,1296,3.0
30279,1650,29.0
30280,2546,59.0
30281,915,38.0
30282,331,28.0
30283,3975,14.0
30284,2801,10.0
30285,3331,51.0
30286,2939,44.0
30287,2706,59.0
30288,1335,37.0
30289,3370,48.0
30290,2596,62.0
30291,2477,33.0
30292,3465,29.0
30293,2589,8.0
30294,2363,14.0
30295,1302,6.0
30296,1677,14.0
30297,1108,31.0
30298,2916,16.0
30299,3947,45.0
30300,1514,15.0
30301,942,64.0
30302,700,38.0
30303,3246,42.0
30304,977,63.0
30305,3538,10.0
30306,1235,61.0
30307,1507,40.0
30308,1994,33.0
30309,458,54.0
30310,2130,5.0
30311,3894,27.0
30312,1843,13.0
30313,3151,54.0
30314,1796,55.0
30315,2755,40.0
30316,1334,47.0
30317,2791,61.0
30318,1132,48.0
30319,730,8.0
30320,379,45.0
30321,1261,35.0
30322,3213,48.0
30323,2106,11.0
30324,827,51.0
30325,647,32.0
30326,300,16.0
30327,3939,41.0
30328,2091,14.0
30329,1492,16.0
30330,3128,56.0
30331,3750,22.0
30332,1435,58.0
30333,3302,28.0
30334,3455,47.0
30335,2782,64.0
30336,3969,10.0
30337,1589,48.0
30338,3899,13.0
30339,3571,28.0
30340,2800,9.0
30341,2938,53.0
30342,3032,41.0
30343,3652,17.0
30344,3238,44.0
30345,325,23.0
30346,3850,63.0
30347,1266,12.0
30348,1634,54.0
30349,3208,42.0
30350,1955,11.0
30351,3735,4.0
30352,3446,51.0
30353,946,7.0
30354,1626,6.0
30355,1583,48.0
30356,3676,25.0
30357,1704,13.0
30358,3485,30.0
30359,1882,39.0
30360,3928,15.0
30361,346,31.0
30362,395,36.0
30363,1243,53.0
30364,682,57.0
30365,3074,61.0
30366,451,51.0
30367,1471,33.0
30368,1748,37.0
30369,1853,18.0
30370,1514,41.0
30371,1886,43.0
30372,3023,46.0
30373,2904,37.0
30374,628,55.0
30375,1833,6.0
30376,1066,31.0
30377,1150,60.0
30378,2839,62.0
30379,2857,61.0
30380,1447,52.0
30381,3445,12.0
30382,1941,52.0
30383,2522,57.0
30384,2932,41.0
30385,2239,17.0
30386,1852,55.0
30387,3525,38.0
30388,1955,14.0
30389,1557,4.0
30390,3060,64.0
30391,2832,29.0
30392,2008,55.0
30393,2420,55.0
30394,292,13.0
30395,1580,14.0
30396,1345,52.0
30397,1208,45.0
30398,3349,2.0
30399,2804,35.0
30400,1182,48.0
30401,436,40.0
30402,2256,49.0
30403,427,50.0
30404,715,2.0
30405,1199,18.0
30406,788,60.0
30407,507,14.0
30408,974,56.0
30409,600,64.0
30410,2352,45.0
30411,2518,4.0
30412,3941,3.0
30413,2585,38.0
30414,3504,32.0
30415,834,64.0
30416,3850,28.0
30417,1580,25.0
30418,1316,26.0
30419,1872,23.0
30420,1114,53.0
30421,1715,13.0
30422,2367,44.0
30423,575,29.0
30424,2992,34.0
30425,2819,44.0
30426,3556,63.0
30427,3236,33.0
30428,1313,49.0
30429,2872,34.0
30430,1822,51.0
30431,3469,53.0
30432,2001,53.0
30433,3706,10.0
30434,2542,31.0
30435,1567,5.0
30436,2669,36.0
30437,2499,32.0
30438,2273,45.0
30439,1773,14.0
30440,421,35.0
30441,630,48.0
30442,1114,25.0
30443,1623,33.0
30444,2125,2.0
30445,1622,48.0
30446,1162,38.0
30447,3762,29.0
30448,3069,26.0
30449,1571,52.0
30450,3260,24.0
30451,3206,62.0
30452,592,56.0
30453,1188,30.0
30454,3067,2.0
30455,2131,18.0
30456,1425,42.0
30457,291,22.0
30458,3116,3.0
30459,2440,44.0
30460,3631,25.0
30461,1104,35.0
30462,3069,58.0
30463,1425,55.0
30464,2276,63.0
30465,3192,25.0
30466,3021,35.0
30467,3082,36.0
30468,1346,9.0
30469,2354,36.0
30470,732,25.0
30471,2305,31.0
30472,2985,37.0
30473,265,40.0
30474,2050,5.0
30475,1669,63.0
30476,585,43.0
30477,342,59.0
30478,1972,53.0
30479,1540,47.0
30480,2463,51.0
30481,3259,6.0
30482,3371,55.0
30483,3370,43.0
30484,2884,33.0
30485,2994,10.0
30486,1604,52.0
30487,2014,31.0
30488,2709,29.0
30489,2865,7.0
30490,3617,35.0
30491,3814,44.0
30492,1990,29.0
30493,1428,24.0
30494,3473,49.0
30495,2609,56.0
30496,2070,31.0
30497,2620,56.0
30498,1619,24.0
30499,493,13.0
30500,2334,58.0
30501,3030,55.0
30502,345,24.0
30503,1525,51.0
30504,499,28.0
30505,3989,31.0
30506,1496,5.0
30507,1287,31.0
30508,3324,54.0
30509,2367,39.0
30510,2974,56.0
30511,990,16.0
30512,3665,16.0
30513,815,36.0
30514,2759,64.0
30515,2991,8.0
30516,581,35.0
30517,3611,41.0
30518,431,52.0
30519,3402,33.0
30520,3480,43.0
30521,768,9.0
30522,2215,47.0
30523,1849,14.0
30524,3435,39.0
30525,3057,30.0
30526,1731,63.0
30527,768,30.0
30528,2780,40.0
30529,3469,29.0
30530,3092,47.0
30531,313,57.0
30532,2931,40.0
30533,1761,14.0
30534,3578,47.0
30535,369,62.0
30536,3507,21.0
30537,3452,4.0
30538,981,28.0
30539,2534,40.0
30540,3248,17.0
30541,2646,63.0
30542,3454,50.0
30543,375,7.0
30544,1622,42.0
30545,2246,28.0
30546,3816,35.0
30547,1597,48.0
30548,3733,24.0
30549,2877,8.0
30550,3227,7.0
30551,1446,20.0
30552,1043,9.0
30553,1649,9.0
30554,483,61.0
30555,3712,16.0
30556,1694,22.0
30557,584,8.0
30558,3431,40.0
30559,2315,11.0
30560,3870,63.0
30561,2205,63.0
30562,986,44.0
30563,3366,40.0
30564,3380,36.0
30565,3095,28.0
30566,2509,20.0
30567,3785,59.0
30568,3801,5.0
30569,2039,42.0
30570,2156,53.0
30571,1354,44.0
30572,3094,37.0
30573,3505,37.0
30574,3725,6.0
30575,1422,33.0
30576,786,57.0
30577,1712,42.0
30578,1522,47.0
30579,1811,23.0
30580,2807,3.0
30581,2229,30.0
30582,1509,63.0
30583,886,62.0
30584,2875,26.0
30585,2863,59.0
30586,3936,55.0
30587,2267,25.0
30588,386,34.0
30589,3131,38.0
30590,1655,36.0
30591,3730,12.0
30592,3397,24.0
30593,805,50.0
30594,2187,15.0
30595,3984,42.0
30596,1561,32.0
30597,2307,20.0
30598,1921,13.0
30599,1066,30.0
30600,773,9.0
30601,1038,35.0
30602,2225,34.0
30603,1327,51.0
30604,668,4.0
30605,1692,56.0
30606,1021,16.0
30607,2510,40.0
30608,2388,27.0
30609,346,63.0
30610,2872,3.0
30611,3616,44.0
30612,1783,11.0
30613,482,24.0
30614,3352,56.0
30615,1104,52.0
30616,1141,32.0
30617,3691,60.0
30618,2602,28.0
30619,303,47.0
30620,585,19.0
30621,927,45.0
30622,786,36.0
30623,294,22.0
30624,3655,30.0
30625,286,57.0
30626,3285,15.0
30627,1317,56.0
30628,3547,54.0
30629,2484,17.0
30630,1791,41.0
30631,3607,26.0
30632,3521,3.0
30633,1180,61.0
30634,2026,18.0
30635,1865,41.0
30636,3471,56.0
30637,2270,37.0
30638,2940,29.0
30639,1715,47.0
30640,841,40.0
30641,3381,26.0
30642,337,10.0
30643,1868,13.0
30644,1509,53.0
30645,2903,53.0
30646,1231,3.0
30647,1403,19.0
30648,1580,45.0
30649,1189,51.0
30650,1381,42.0
30651,2826,38.0
30652,1342,31.0
30653,3386,2.0
30654,1141,3.0
30655,3964,60.0
30656,2713,6.0
30657,2165,17.0
30658,1830,44.0
30659,3546,36.0
30660,2585,45.0
30661,873,58.0
30662,1664,41.0
30663,3334,41.0
30664,569,56.0
30665,3353,62.0
30666,3693,33.0
30667,503,27.0
30668,2406,8.0
30669,1715,64.0
30670,2179,22.0
30671,3071,5.0
30672,355,18.0
30673,3375,14.0
30674,2921,40.0
30675,341,47.0
30676,3947,56.0
30677,2650,54.0
30678,3816,12.0
30679,336,62.0
30680,625,10.0
30681,3891,56.0
30682,1042,8.0
30683,2141,8.0
30684,2279,24.0
30685,3828,44.0
30686,2310,12.0
30687,2162,42.0
30688,1988,39.0
30689,2786,37.0
30690,1972,3.0
30691,1828,26.0
30692,3286,4.0
30693,1282,2.0
30694,1562,22.0
30695,1202,18.0
30696,2262,61.0
30697,2828,33.0
30698,2025,24.0
30699,621,2.0
30700,293,12.0
30701,2001,38.0
30702,393,59.0
30703,714,32.0
30704,3460,28.0
30705,1019,45.0
30706,1692,43.0
30707,2213,51.0
30708,655,20.0
30709,1567,24.0
30710,1706,14.0
30711,1017,29.0
30712,2951,46.0
30713,533,39.0
30714,3340,53.0
30715,2765,38.0
30716,3881,37.0
30717,332,52.0
30718,519,38.0
30719,1683,58.0
30720,2629,23.0
30721,2587,52.0
30722,1828,20.0
30723,608,51.0
30724,1446,58.0
30725,2258,58.0
30726,558,38.0
30727,1666,25.0
30728,2244,12.0
30729,758,33.0
30730,1061,58.0
30731,3421,57.0
30732,3950,42.0
30733,1435,32.0
30734,3142,63.0
30735,1579,38.0
30736,2987,3.0
30737,3269,28.0
30738,406,9.0
30739,1604,53.0
30740,793,40.0
30741,1983,15.0
30742,2637,24.0
30743,879,45.0
30744,3258,27.0
30745,2380,10.0
30746,564,6.0
30747,3543,40.0
30748,1039,57.0
30749,1895,31.0
30750,1315,5.0
30751,2801,58.0
30752,3786,3.0
30753,3065,43.0
30754,2338,40.0
30755,3137,7.0
30756,575,41.0
30757,3600,23.0
30758,2545,35.0
30759,541,11.0
30760,1686,33.0
30761,989,7.0
30762,2691,47.0
30763,3787,6.0
30764,2138,10.0
30765,763,42.0
30766,2260,49.0
30767,1732,11.0
30768,2716,51.0
30769,1424,46.0
30770,267,39.0
30771,3153,18.0
30772,2905,64.0
30773,1435,2.0
30774,3596,2.0
30775,1831,15.0
30776,2099,8.0
30777,1790,54.0
30778,1190,13.0
30779,1767,19.0
30780,3199,25.0
30781,1621,6.0
30782,2364,29.0
30783,2202,3.0
30784,2753,38.0
30785,1005,36.0
30786,889,33.0
30787,2158,10.0
30788,1966,15.0
30789,774,42.0
30790,2856,42.0
30791,343,38.0
30792,475,39.0
30793,1182,21.0
30794,1169,59.0
30795,3386,40.0
30796,3626,8.0
30797,3934,25.0
30798,3913,28.0
30799,851,46.0
30800,1458,52.0
30801,2363,52.0
30802,1966,23.0
30803,2179,49.0
30804,615,3.0
30805,305,61.0
30806,3106,35.0
30807,2080,64.0
30808,592,36.0
30809,2502,27.0
30810,941,45.0
30811,2532,48.0
30812,2981,46.0
30813,2956,10.0
30814,2281,56.0
30815,2688,42.0
30816,522,24.0
30817,2179,43.0
30818,1901,17.0
30819,3163,47.0
30820,426,26.0
30821,695,21.0
30822,3287,47.0
30823,1880,38.0
30824,3864,37.0
30825,325,26.0
30826,650,24.0
30827,2567,5.0
30828,2452,48.0
30829,2585,17.0
30830,1532,56.0
30831,2917,59.0
30832,3635,2.0
30833,2098,51.0
30834,484,13.0
30835,720,53.0
30836,2734,7.0
30837,3910,3.0
30838,817,37.0
30839,3781,48.0
30840,832,48.0
30841,939,11.0
30842,1091,22.0
30843,2417,11.0
30844,2552,26.0
30845,1251,25.0
30846,2658,63.0
30847,339,64.0
30848,3124,55.0
30849,2387,27.0
30850,1415,37.0
30851,2465,48.0
30852,2947,33.0
30853,3747,62.0
30854,552,52.0
30855,1826,20.0
30856,2210,38.0
30857,2587,51.0
30858,945,22.0
30859,3288,44.0
30860,3003,63.0
30861,702,15.0
30862,2029,19.0
30863,3138,57.0
30864,1521,60.0
30865,1830,33.0
30866,3822,57.0
30867,1914,59.0
30868,2819,31.0
30869,3120,8.0
30870,2119,32.0
30871,1676,27.0
30872,1749,34.0
30873,2447,43.0
30874,3315,54.0
30875,3402,47.0
30876,763,14.0
30877,3065,60.0
30878,3530,38.0
30879,496,31.0
30880,2885,28.0
30881,3720,23.0
30882,2500,29.0
30883,2254,57.0
30884,2395,33.0
30885,3741,22.0
30886,2473,19.0
30887,1316,57.0
30888,1403,22.0
30889,2521,36.0
30890,735,15.0
30891,2510,40.0
30892,1406,7.0
30893,1392,38.0
30894,1969,21.0
30895,3549,12.0
30896,2340,30.0
30897,1777,63.0
30898,2402,44.0
30899,845,43.0
30900,1176,44.0
30901,1624,3.0
30902,3323,17.0
30903,1197,20.0
30904,412,51.0
30905,2317,45.0
30906,1852,22.0
30907,3701,12.0
30908,1672,24.0
30909,489,57.0
30910,572,22.0
30911,2969,50.0
30912,3005,10.0
30913,2805,40.0
30914,2900,24.0
30915,434,62.0
30916,3599,60.0
30917,3372,39.0
30918,2980,44.0
30919,1765,21.0
30920,3664,12.0
30921,1423,7.0
30922,1442,62.0
30923,3184,45.0
30924,1780,62.0
30925,2565,56.0
30926,1443,59.0
30927,2286,16.0
30928,2787,48.0
30929,3215,2.0
30930,401,17.0
30931,3346,55.0
30932,991,3.0
30933,2909,3.0
30934,2897,6.0
30935,896,23.0
30936,2971,24.0
30937,1972,19.0
30938,2742,29.0
30939,2875,31.0
30940,1920,56.0
30941,1653,6.0
30942,3111,5.0
30943,3740,8.0
30944,1794,56.0
30945,399,44.0
30946,1778,64.0
30947,1415,61.0
30948,3262,39.0
30949,1895,12.0
30950,3427,38.0
30951,792,3.0
30952,2297,8.0
30953,2610,23.0
30954,493,44.0
30955,2800,34.0
30956,3856,43.0
30957,3327,7.0
30958,3678,24.0
30959,717,29.0
30960,2537,40.0
30961,1272,7.0
30962,726,33.0
30963,1791,43.0
30964,2668,16.0
30965,3558,55.0
30966,3329,57.0
30967,299,9.0
30968,2999,63.0
30969,2293,56.0
30970,2777,31.0
30971,1378,44.0
30972,2834,58.0
30973,885,26.0
30974,1706,47.0
30975,2996,17.0
30976,677,60.0
30977,1710,15.0
30978,464,21.0
30979,975,10.0
30980,3918,47.0
30981,2489,3.0
30982,2461,12.0
30983,811,7.0
30984,1358,19.0
30985,852,12.0
30986,377,49.0
30987,3954,57.0
30988,2741,37.0
30989,3359,42.0
30990,2563,62.0
30991,336,56.0
30992,684,46.0
30993,2121,54.0
30994,1933,13.0
30995,1223,8.0
30996,2509,50.0
30997,2828,35.0
30998,1773,49.0
30999,3589,39.0
31000,2549,7.0
31001,2631,53.0
31002,2603,41.0
31003,2769,10.0
31004,1411,44.0
31005,1067,22.0
31006,3220,10.0
31007,700,24.0
31008,1099,53.0
31009,513,9.0
31010,3946,9.0
31011,3826,33.0
31012,1482,33.0
31013,2680,17.0
31014,373,52.0
31015,568,46.0
31016,3554,13.0
31017,3752,23.0
31018,1835,49.0
31019,2337,19.0
31020,2819,39.0
31021,3283,13.0
31022,1433,47.0
31023,1037,38.0
31024,2583,8.0
31025,2782,57.0
31026,3763,51.0
31027,3286,41.0
31028,2373,52.0
31029,478,21.0
31030,3532,5.0
31031,508,33.0
31032,2227,41.0
31033,3845,51.0
31034,1262,22.0
31035,1326,60.0
31036,2113,61.0
31037,3429,6.0
31038,3169,11.0
31039,2150,50.0
31040,2484,44.0
31041,3339,41.0
31042,1878,5.0
31043,1629,34.0
31044,504,20.0
31045,1152,27.0
31046,3587,42.0
31047,2296,40.0
31048,1270,57.0
31049,3238,64.0
31050,2059,14.0
31051,2053,63.0
31052,3112,43.0
31053,1440,16.0
31054,2908,51.0
31055,2552,46.0
31056,905,60.0
31057,3963,61.0
31058,2056,49.0
31059,2910,48.0
31060,1457,12.0
31061,431,63.0
31062,470,50.0
31063,2148,55.0
31064,2955,9.0
31065,3366,44.0
31066,3068,36.0
31067,3834,30.0
31068,1050,10.0
31069,3993,43.0
31070,3378,45.0
31071,2192,22.0
31072,392,9.0
31073,3709,43.0
31074,590,38.0
31075,1814,42.0
31076,907,9.0
31077,1449,33.0
31078,3448,16.0
31079,1837,29.0
31080,3464,58.0
31081,2593,64.0
31082,3484,45.0
31083,2009,61.0
31084,2048,57.0
31085,837,25.0
31086,854,42.0
31087,3210,64.0
31088,2746,3.0
31089,2334,33.0
31090,2822,57.0
31091,1971,54.0
31092,1410,15.0
31093,349,14.0
31094,1418,7.0
31095,3616,7.0
31096,880,23.0
31097,1601,60.0
31098,1412,37.0
31099,1692,31.0
31100,2600,10.0
31101,1308,12.0
31102,2413,57.0
31103,1047,55.0
31104,1204,8.0
31105,1799,39.0
31106,2676,23.0
31107,2597,42.0
31108,3029,46.0
31109,2343,41.0
31110,2016,43.0
31111,2213,32.0
31112,790,4.0
31113,3182,7.0
31114,3472,22.0
31115,2871,18.0
31116,3187,53.0
31117,1945,40.0
31118,488,46.0
31119,1214,15.0
31120,2598,10.0
31121,3242,10.0
31122,3534,52.0
31123,3426,36.0
31124,2488,25.0
31125,3255,16.0
31126,2863,58.0
31127,1496,25.0
31128,3801,31.0
31129,666,19.0
31130,3799,54.0
31131,1366,2.0
31132,2962,41.0
31133,2399,30.0
31134,2338,36.0
31135,2700,16.0
31136,2235,22.0
31137,3825,46.0
31138,284,3.0
31139,1427,14.0
31140,1324,31.0
31141,398,14.0
31142,3685,43.0
31143,2390,33.0
31144,278,64.0
31145,3556,9.0
31146,2196,31.0
31147,3799,40.0
31148,2268,47.0
31149,2965,41.0
31150,2341,56.0
31151,3557,56.0
31152,1354,61.0
31153,2147,32.0
31154,505,45.0
31155,1394,46.0
31156,374,60.0
31157,506,6.0
31158,3702,29.0
31159,1078,34.0
31160,2945,37.0
31161,2981,51.0
31162,490,14.0
31163,536,26.0
31164,2317,3.0
31165,3704,33.0
31166,2126,27.0
31167,2050,10.0
31168,2462,58.0
31169,1260,44.0
31170,3770,32.0
31171,1886,8.0
31172,3323,10.0
31173,2060,42.0
31174,3926,16.0
31175,2177,25.0
31176,728,29.0
31177,2478,23.0
31178,2842,22.0
31179,1617,63.0
31180,1472,30.0
31181,764,41.0
31182,2337,38.0
31183,3965,20.0
31184,3693,54.0
31185,797,4.0
31186,1687,5.0
31187,2940,46.0
31188,1545,6.0
31189,3834,43.0
31190,2505,46.0
31191,2243,7.0
31192,3600,64.0
31193,3971,57.0
31194,2844,20.0
31195,2227,23.0
31196,1665,41.0
31197,3355,61.0
31198,1866,26.0
31199,1287,36.0
31200,1046,22.0
31201,1441,20.0
31202,690,16.0
31203,2504,30.0
31204,2677,61.0
31205,2243,47.0
31206,2984,8.0
31207,1362,49.0
31208,3629,51.0
31209,3559,35.0
31210,2571,23.0
31211,2107,41.0
31212,1022,63.0
31213,2844,39.0
31214,711,50.0
31215,3117,53.0
31216,978,49.0
31217,1869,17.0
31218,1179,24.0
31219,3844,51.0
31220,593,29.0
31221,588,40.0
31222,3836,13.0
31223,2669,25.0
31224,2958,38.0
31225,3031,17.0
31226,3388,49.0
31227,2377,31.0
31228,2458,37.0
31229,2766,24.0
31230,3054,39.0
31231,3791,9.0
31232,625,31.0
31233,2227,27.0
31234,3256,6.0
31235,707,11.0
31236,1457,42.0
31237,3755,6.0
31238,1733,38.0
31239,720,49.0
31240,3560,49.0
31241,2311,44.0
31242,3846,51.0
31243,1717,10.0
31244,3704,37.0
31245,3800,50.0
31246,278,23.0
31247,1767,48.0
31248,1846,7.0
31249,829,30.0
31250,2986,55.0
31251,2394,63.0
31252,2169,63.0
31253,1181,7.0
31254,575,19.0
31255,2977,57.0
31256,532,4.0
31257,1702,32.0
31258,1074,51.0
31259,3352,6.0
31260,1027,59.0
31261,2039,25.0
31262,461,56.0
31263,527,28.0
31264,3271,18.0
31265,606,57.0
31266,2513,40.0
31267,1675,38.0
31268,2698,47.0
31269,1129,28.0
31270,468,7.0
31271,1210,4.0
31272,3086,45.0
31273,1595,3.0
31274,2332,30.0
31275,2589,62.0
31276,3760,61.0
31277,1851,8.0
31278,417,2.0
31279,294,39.0
31280,3576,36.0
31281,3945,40.0
31282,927,54.0
31283,2044,6.0
31284,2334,56.0
31285,1477,27.0
31286,3161,16.0
31287,3660,24.0
31288,1604,26.0
31289,2211,42.0
31290,3822,63.0
31291,3922,16.0
31292,1203,9.0
31293,2822,48.0
31294,447,34.0
31295,1652,56.0
31296,3608,12.0
31297,1228,52.0
31298,666,56.0
31299,1499,38.0
31300,3321,58.0
31301,1206,57.0
31302,952,56.0
31303,3927,12.0
31304,311,29.0
31305,955,52.0
31306,1109,37.0
31307,2969,8.0
31308,725,42.0
31309,1655,40.0
31310,3490,44.0
31311,1774,41.0
31312,3615,50.0
31313,714,41.0
31314,2768,49.0
31315,3739,49.0
31316,610,64.0
31317,715,14.0
31318,663,42.0
31319,1725,64.0
31320,834,5.0
31321,3865,29.0
31322,3059,64.0
31323,651,63.0
31324,796,18.0
31325,785,25.0
31326,3252,21.0
31327,1322,26.0
31328,2832,27.0
31329,1615,13.0
31330,2125,20.0
31331,990,9.0
31332,1595,20.0
31333,1213,7.0
31334,2500,47.0
31335,2801,18.0
31336,3451,47.0
31337,1201,48.0
31338,3139,36.0
31339,1938,22.0
31340,3185,54.0
31341,2111,2.0
31342,2369,17.0
31343,3625,37.0
31344,1051,6.0
31345,1036,52.0
31346,2938,10.0
31347,2855,3.0
31348,2727,57.0
31349,2973,42.0
31350,2581,44.0
31351,2690,2.0
31352,916,33.0
31353,2563,8.0
31354,3359,19.0
31355,941,64.0
31356,2280,17.0
31357,827,50.0
31358,473,62.0
31359,3865,61.0
31360,1274,21.0
31361,364,57.0
31362,3699,32.0
31363,2927,21.0
31364,1470,36.0
31365,1050,2.0
31366,2616,9.0
31367,2915,34.0
31368,2686,46.0
31369,1243,52.0
31370,3264,52.0
31371,2261,36.0
31372,2993,55.0
31373,706,58.0
31374,2542,42.0
31375,2523,30.0
31376,336,26.0
31377,2457,14.0
31378,418,19.0
31379,3917,46.0
31380,1246,8.0
31381,2971,48.0
31382,2324,59.0
31383,3121,54.0
31384,3801,33.0
31385,3333,18.0
31386,3475,44.0
31387,2360,23.0
31388,2895,12.0
31389,3652,63.0
31390,3097,26.0
31391,2101,39.0
31392,3918,23.0
31393,3869,9.0
31394,732,57.0
31395,3684,7.0
31396,3969,57.0
31397,1414,33.0
31398,1892,28.0
31399,3131,42.0
31400,2532,7.0
31401,3215,50.0
31402,3323,19.0
31403,1529,55.0
31404,2403,13.0
31405,3419,34.0
31406,3648,45.0
31407,1974,17.0
31408,2806,34.0
31409,2239,51.0
31410,582,5.0
31411,3890,44.0
31412,1141,48.0
31413,2511,49.0
31414,3838,25.0
31415,2734,51.0
31416,2330,54.0
31417,2244,63.0
31418,1851,54.0
31419,808,4.0
31420,1587,7.0
31421,2492,57.0
31422,2122,43.0
31423,1122,11.0
31424,3709,48.0
31425,3021,56.0
31426,624,47.0
31427,3937,24.0
31428,1797,20.0
31429,1458,28.0
31430,3348,17.0
31431,1834,64.0
31432,2775,57.0
31433,1277,17.0
31434,457,23.0
31435,438,50.0
31436,3210,13.0
31437,985,36.0
31438,3701,3.0
31439,1052,8.0
31440,1175,57.0
31441,1070,11.0
31442,3411,3.0
31443,1175,26.0
31444,301,3.0
31445,489,28.0
31446,1733,64.0
31447,2756,62.0
31448,2612,51.0
31449,1724,51.0
31450,2190,35.0
31451,1900,54.0
31452,3915,34.0
31453,1043,25.0
31454,3817,64.0
31455,2362,48.0
31456,1107,41.0
31457,2982,53.0
31458,2042,28.0
31459,1343,44.0
31460,2610,43.0
31461,2335,6.0
31462,1614,51.0
31463,1138,13.0
31464,604,40.0
31465,3652,42.0
31466,3955,37.0
31467,258,4.0
31468,1066,18.0
31469,1731,61.0
31470,3860,48.0
31471,3630,16.0
31472,1965,45.0
31473,1459,60.0
31474,2323,22.0
31475,3291,2.0
31476,3272,61.0
31477,918,26.0
31478,3488,15.0
31479,3961,58.0
31480,590,56.0
31481,3701,34.0
31482,463,3.0
31483,3644,43.0
31484,1713,27.0
31485,429,41.0
31486,2765,2.0
31487,2084,27.0
31488,1125,20.0
31489,2048,48.0
31490,1223,17.0
31491,3672,31.0
31492,3100,17.0
31493,343,50.0
31494,1970,15.0
31495,2728,39.0
31496,3635,5.0
31497,2180,31.0
31498,2488,33.0
31499,3864,34.0
31500,1155,54.0
31501,3566,32.0
31502,864,6.0
31503,869,32.0
31504,591,29.0
31505,1333,19.0
31506,2208,23.0
31507,2610,15.0
31508,2819,59.0
31509,1955,44.0
31510,3416,50.0
31511,3803,10.0
31512,574,7.0
31513,2129,45.0
31514,1948,9.0
31515,2978,2.0
31516,1619,12.0
31517,3716,61.0
31518,3454,57.0
31519,3777,19.0
31520,2712,55.0
31521,1434,46.0
31522,3968,14.0
31523,3383,51.0
31524,3278,23.0
31525,3970,26.0
31526,2674,54.0
31527,2776,27.0
31528,2336,61.0
31529,2430,12.0
31530,891,38.0
31531,728,8.0
31532,3886,30.0
31533,1711,17.0
31534,2856,16.0
31535,2447,31.0
31536,814,37.0
31537,2951,49.0
31538,3653,53.0
31539,1891,51.0
31540,701,16.0
31541,3139,38.0
31542,2811,39.0
31543,1701,21.0
31544,1853,16.0
31545,2445,19.0
31546,2287,50.0
31547,2003,31.0
31548,3595,7.0
31549,1726,35.0
31550,3952,45.0
31551,850,41.0
31552,1446,43.0
31553,1300,45.0
31554,719,21.0
31555,988,26.0
31556,2606,53.0
31557,2912,32.0
31558,2339,30.0
31559,1028,13.0
31560,3173,61.0
31561,1667,14.0
31562,1897,13.0
31563,1214,3.0
31564,3269,38.0
31565,445,32.0
31566,1073,30.0
31567,665,52.0
31568,3129,50.0
31569,3501,34.0
31570,3461,8.0
31571,3206,32.0
31572,3717,46.0
31573,3917,55.0
31574,861,24.0
31575,2885,20.0
31576,2777,6.0
31577,1017,24.0
31578,980,23.0
31579,2775,23.0
31580,3309,19.0
31581,3607,18.0
31582,1257,24.0
31583,759,5.0
31584,3720,5.0
31585,475,58.0
31586,1122,29.0
31587,1336,40.0
31588,1185,40.0
31589,705,17.0
31590,3169,35.0
31591,3483,39.0
31592,1183,64.0
31593,3373,55.0
31594,2801,54.0
31595,565,58.0
31596,3153,25.0
31597,3421,11.0
31598,316,3.0
31599,448,11.0
31600,2366,40.0
31601,3881,44.0
31602,462,12.0
31603,1480,7.0
31604,1087,28.0
31605,2711,56.0
31606,2144,20.0
31607,1165,35.0
31608,2998,16.0
31609,2249,46.0
31610,752,56.0
31611,1409,4.0
31612,3072,30.0
31613,1305,24.0
31614,3597,21.0
31615,3132,44.0
31616,3856,34.0
31617,1524,39.0
31618,3673,16.0
31619,3293,21.0
31620,3035,5.0
31621,584,36.0
31622,2675,2.0
31623,2382,30.0
31624,1391,48.0
31625,2346,54.0
31626,606,30.0
31627,1324,34.0
31628,1076,58.0
31629,643,35.0
31630,783,21.0
31631,3809,26.0
31632,2104,19.0
31633,1762,54.0
31634,3137,9.0
31635,1756,15.0
31636,3663,9.0
31637,2437,27.0
31638,1432,43.0
31639,1620,47.0
31640,1655,14.0
31641,2832,3.0
31642,961,31.0
31643,2608,46.0
31644,514,3.0
31645,2304,14.0
31646,933,60.0
31647,1896,25.0
31648,3655,53.0
31649,1973,35.0
31650,3278,64.0
31651,2183,15.0
31652,824,25.0
31653,2598,35.0
31654,1254,54.0
31655,3622,7.0
31656,1704,14.0
31657,1624,45.0
31658,3809,50.0
31659,2574,50.0
31660,950,36.0
31661,273,21.0
31662,446,46.0
31663,1510,61.0
31664,1122,26.0
31665,707,33.0
31666,751,44.0
31667,3393,48.0
31668,3771,11.0
31669,1851,3.0
31670,2735,27.0
31671,2253,62.0
31672,452,32.0
31673,1419,32.0
31674,969,45.0
31675,3441,22.0
31676,3786,64.0
31677,2710,13.0
31678,3533,12.0
31679,1735,60.0
31680,3587,12.0
31681,2298,34.0
31682,2027,41.0
31683,2406,27.0
31684,2419,31.0
31685,995,25.0
31686,2078,60.0
31687,1145,19.0
31688,626,41.0
31689,1509,57.0
31690,3371,26.0
31691,297,52.0
31692,3508,38.0
31693,2385,23.0
31694,1301,33.0
31695,2167,57.0
31696,3914,43.0
31697,2312,22.0
31698,2297,17.0
31699,411,19.0
31700,665,2.0
31701,3226,62.0
31702,740,48.0
31703,3878,39.0
31704,3406,20.0
31705,2440,30.0
31706,3959,50.0
31707,3703,49.0
31708,3714,35.0
31709,337,21.0
31710,3176,25.0
31711,1205,20.0
31712,2473,28.0
31713,1229,2.0
31714,2896,9.0
31715,2039,11.0
31716,520,6.0
31717,1378,3.0
31718,3254,49.0
31719,1803,37.0
31720,2501,52.0
31721,3762,8.0
31722,1796,61.0
31723,990,54.0
31724,2630,51.0
31725,1380,45.0
31726,3487,58.0
31727,1201,7.0
31728,3015,21.0
31729,3204,43.0
31730,433,2.0
31731,1906,49.0
31732,898,42.0
31733,2799,61.0
31734,2020,13.0
31735,770,25.0
31736,305,57.0
31737,2953,42.0
31738,1671,34.0
31739,2574,15.0
31740,3772,35.0
31741,2870,37.0
31742,2577,8.0
31743,2246,18.0
31744,2405,58.0
31745,3377,16.0
31746,3619,43.0
31747,1184,17.0
31748,2965,4.0
31749,3713,45.0
31750,3798,53.0
31751,1026,16.0
31752,1086,5.0
31753,2236,51.0
31754,1303,45.0
31755,3048,63.0
31756,616,11.0
31757,3764,12.0
31758,419,34.0
31759,2858,58.0
31760,504,39.0
31761,392,49.0
31762,820,56.0
31763,3387,14.0
31764,3447,15.0
31765,1403,7.0
31766,2295,16.0
31767,1973,27.0
31768,3755,30.0
31769,2073,25.0
31770,3872,64.0
31771,302,23.0
31772,1519,27.0
31773,2549,50.0
31774,404,45.0
31775,595,63.0
31776,1663,18.0
31777,2764,58.0
31778,2614,8.0
31779,1094,11.0
31780,2826,11.0
31781,2496,50.0
31782,2103,50.0
31783,966,14.0
31784,2172,47.0
31785,905,56.0
31786,3916,55.0
31787,3902,42.0
31788,2487,2.0
31789,3914,55.0
31790,363,46.0
31791,3233,24.0
31792,2532,38.0
31793,3836,53.0
31794,3076,25.0
31795,1513,56.0
31796,1724,10.0
31797,542,41.0
31798,3481,8.0
31799,3991,22.0
31800,1790,20.0
31801,509,3.0
31802,282,52.0
31803,3006,6.0
31804,1913,19.0
31805,1333,5.0
31806,3746,21.0
31807,3941,10.0
31808,3970,10.0
31809,3925,44.0
31810,424,33.0
31811,1284,8.0
31812,277,25.0
31813,1713,16.0
31814,485,54.0
31815,3002,52.0
31816,418,64.0
31817,1652,8.0
31818,2893,48.0
31819,1406,57.0
31820,629,61.0
31821,3724,30.0
31822,3835,14.0
31823,1354,52.0
31824,2376,25.0
31825,3438,7.0
31826,2655,2.0
31827,3361,33.0
31828,3535,4.0
31829,2150,27.0
31830,2587,43.0
31831,2736,31.0
31832,676,55.0
31833,2941,9.0
31834,3336,21.0
31835,3796,33.0
31836,3654,63.0
31837,2934,11.0
31838,2889,30.0
31839,3315,48.0
31840,1993,39.0
31841,2509,35.0
31842,3534,34.0
31843,2246,16.0
31844,3165,51.0
31845,286,55.0
31846,776,32.0
31847,3213,16.0
31848,716,38.0
31849,424,16.0
31850,3486,63.0
31851,3237,58.0
31852,1944,41.0
31853,643,8.0
31854,2317,10.0
31855,1436,52.0
31856,3190,56.0
31857,2338,21.0
31858,1334,29.0
31859,3657,6.0
31860,2080,15.0
31861,1609,35.0
31862,3078,14.0
31863,590,35.0
31864,2552,11.0
31865,3355,34.0
31866,1968,15.0
31867,3358,8.0
31868,1539,2.0
31869,942,32.0
31870,3669,9.0
31871,3612,9.0
31872,2351,4.0
31873,604,64.0
31874,1285,11.0
31875,515,13.0
31876,654,34.0
31877,2540,48.0
31878,3869,53.0
31879,3412,18.0
31880,509,47.0
31881,2547,21.0
31882,2735,30.0
31883,1369,22.0
31884,2942,39.0
31885,2812,6.0
31886,3497,31.0
31887,619,50.0
31888,3483,3.0
31889,1475,36.0
31890,1950,8.0
31891,3592,40.0
31892,3573,58.0
31893,2020,61.0
31894,1329,32.0
31895,3568,49.0
31896,1947,49.0
31897,1998,8.0
31898,725,34.0
31899,3302,12.0
31900,3884,46.0
31901,1185,27.0
31902,1656,26.0
31903,2870,53.0
31904,911,45.0
31905,3892,17.0
31906,3897,27.0
31907,656,53.0
31908,606,45.0
31909,1653,30.0
31910,860,12.0
31911,2197,10.0
31912,3458,23.0
31913,2066,53.0
31914,3676,36.0
31915,1518,49.0
31916,1018,14.0
31917,1360,35.0
31918,3449,5.0
31919,2524,60.0
31920,703,30.0
31921,1251,58.0
31922,582,8.0
31923,1732,63.0
31924,1252,48.0
31925,2146,29.0
31926,1927,38.0
31927,3328,13.0
31928,2462,55.0
31929,1172,13.0
31930,3598,27.0
31931,2437,27.0
31932,3271,44.0
31933,1511,9.0
31934,2981,23.0
31935,3119,7.0
31936,3647,34.0
31937,3148,13.0
31938,2829,54.0
31939,2373,46.0
31940,3998,39.0
31941,316,33.0
31942,999,52.0
31943,1808,7.0
31944,589,8.0
31945,3317,46.0
31946,670,50.0
31947,584,42.0
31948,2173,13.0
31949,1561,41.0
31950,2073,13.0
31951,1401,46.0
31952,3764,38.0
31953,1275,54.0
31954,1464,47.0
31955,2885,57.0
31956,3458,6.0
31957,3019,52.0
31958,1083,36.0
31959,3538,33.0
31960,2493,7.0
31961,3726,61.0
31962,1531,7.0
31963,601,55.0
31964,2991,8.0
31965,3912,19.0
31966,309,34.0
31967,323,13.0
31968,1489,46.0
31969,1322,38.0
31970,1846,14.0
31971,417,52.0
31972,3269,52.0
31973,3731,30.0
31974,667,54.0
31975,1241,47.0
31976,3941,23.0
31977,1018,58.0
31978,3142,59.0
31979,1444,47.0
31980,934,34.0
31981,3863,58.0
31982,3506,44.0
31983,1944,19.0
31984,348,11.0
31985,550,51.0
31986,971,20.0
31987,3984,21.0
31988,2973,45.0
31989,2019,11.0
31990,1587,19.0
31991,1870,48.0
31992,1352,27.0
31993,570,3.0
31994,546,43.0
31995,3624,49.0
31996,2944,10.0
31997,1209,19.0
31998,2752,29.0
31999,3868,20.0
32000,3087,28.0
32001,947,57.0
32002,1484,50.0
32003,347,46.0
32004,3227,53.0
32005,3299,58.0
32006,1028,13.0
32007,714,34.0
32008,2641,31.0
32009,1229,51.0
32010,2622,19.0
32011,929,6.0
32012,1211,53.0
32013,1653,53.0
32014,511,33.0
32015,3034,52.0
32016,1414,54.0
32017,2438,28.0
32018,3744,63.0
32019,1377,64.0
32020,3520,23.0
32021,3796,59.0
32022,1699,61.0
32023,336,58.0
32024,1095,55.0
32025,325,49.0
32026,1223,53.0
32027,1649,37.0
32028,1898,4.0
32029,2609,38.0
32030,2265,18.0
32031,2775,43.0
32032,1445,12.0
32033,2614,41.0
32034,356,57.0
32035,523,13.0
32036,3745,57.0
32037,1229,60.0
32038,1402,28.0
32039,2085,46.0
32040,587,14.0
32041,2457,63.0
32042,2030,52.0
32043,816,18.0
32044,1667,39.0
32045,2958,63.0
32046,3705,5.0
32047,2800,30.0
32048,3773,7.0
32049,2050,22.0
32050,1754,21.0
32051,1904,35.0
32052,2705,37.0
32053,3537,3.0
32054,1370,27.0
32055,1222,19.0
32056,3102,64.0
32057,2268,33.0
32058,2648,18.0
32059,2173,16.0
32060,3162,32.0
32061,1368,28.0
32062,2746,51.0
32063,619,18.0
32064,724,17.0
32065,912,42.0
32066,2784,23.0
32067,793,23.0
32068,560,45.0
32069,312,27.0
32070,545,41.0
32071,1591,60.0
32072,2746,31.0
32073,893,8.0
32074,2514,62.0
32075,1032,10.0
32076,819,39.0
32077,3672,59.0
32078,3833,24.0
32079,1482,23.0
32080,2043,14.0
32081,1229,40.0
32082,1816,33.0
32083,2166,37.0
32084,2469,14.0
32085,2575,55.0
32086,1375,30.0
32087,1732,55.0
32088,673,4.0
32089,2301,18.0
32090,2676,30.0
32091,1781,58.0
32092,2248,58.0
32093,921,62.0
32094,391,2.0
32095,1719,10.0
32096,3262,35.0
32097,1947,35.0
32098,2693,61.0
32099,441,60.0
32100,1886,14.0
32101,1267,32.0
32102,687,57.0
32103,2890,12.0
32104,1737,55.0
32105,887,47.0
32106,398,18.0
32107,2389,46.0
32108,3431,45.0
32109,3601,43.0
32110,2459,35.0
32111,3230,59.0
32112,3646,57.0
32113,2200,36.0
32114,3862,64.0
32115,3077,22.0
32116,621,44.0
32117,2372,58.0
32118,2574,63.0
32119,2857,46.0
32120,3143,16.0
32121,3197,35.0
32122,2727,41.0
32123,1519,12.0
32124,2438,9.0
32125,2674,54.0
32126,2107,50.0
32127,2262,16.0
32128,815,5.0
32129,2829,52.0
32130,3022,31.0
32131,2573,62.0
32132,2678,10.0
32133,1282,55.0
32134,568,9.0
32135,2074,14.0
32136,2227,8.0
32137,1080,60.0
32138,2867,10.0
32139,1075,55.0
32140,3063,43.0
32141,2479,24.0
32142,2394,56.0
32143,2814,31.0
32144,2094,51.0
32145,2315,2.0
32146,2519,14.0
32147,735,12.0
32148,1891,32.0
32149,1386,44.0
32150,3260,46.0
32151,2022,35.0
32152,1716,2.0
32153,3317,38.0
32154,1454,20.0
32155,2290,49.0
32156,3940,61.0
32157,461,50.0
32158,2219,21.0
32159,470,40.0
32160,2495,28.0
32161,2944,29.0
32162,2361,59.0
32163,1783,16.0
32164,2832,40.0
32165,931,42.0
32166,1344,27.0
32167,3916,9.0
32168,1882,44.0
32169,2865,51.0
32170,757,15.0
32171,3469,51.0
32172,2399,57.0
32173,3300,18.0
32174,2719,3.0
32175,3012,47.0
32176,2836,14.0
32177,2385,11.0
32178,594,30.0
32179,2968,7.0
32180,3762,24.0
32181,892,2.0
32182,467,13.0
32183,345,62.0
32184,3033,40.0
32185,2110,9.0
32186,3105,56.0
32187,874,62.0
32188,3681,39.0
32189,3865,52.0
32190,737,11.0
32191,3153,10.0
32192,2800,37.0
32193,315,27.0
32194,1412,60.0
32195,2286,2.0
32196,2392,34.0
32197,1857,49.0
32198,1419,26.0
32199,3305,58.0
32200,959,32.0
32201,2635,35.0
32202,1754,45.0
32203,2563,57.0
32204,1936,41.0
32205,1869,22.0
32206,3637,50.0
32207,896,20.0
32208,2349,51.0
32209,774,5.0
32210,3397,58.0
32211,485,2.0
32212,3964,24.0
32213,1887,11.0
32214,2977,32.0
32215,2114,56.0
32216,1542,29.0
32217,3038,57.0
32218,2481,51.0
32219,841,9.0
32220,3565,24.0
32221,1958,5.0
32222,2454,27.0
32223,3392,37.0
32224,262,56.0
32225,530,6.0
32226,3703,35.0
32227,2562,55.0
32228,574,64.0
32229,2632,16.0
32230,259,20.0
32231,688,10.0
32232,2554,36.0
32233,3859,61.0
32234,2977,62.0
32235,571,40.0
32236,402,55.0
32237,878,32.0
32238,2130,4.0
32239,3260,39.0
32240,454,7.0
32241,2638,35.0
32242,2819,24.0
32243,1464,50.0
32244,1824,59.0
32245,876,47.0
32246,2706,21.0
32247,659,20.0
32248,455,29.0
32249,2378,54.0
32250,2278,41.0
32251,3436,43.0
32252,3424,31.0
32253,401,49.0
32254,681,52.0
32255,3212,6.0
32256,3105,13.0
32257,2036,52.0
32258,3153,49.0
32259,1642,7.0
32260,509,60.0
32261,3465,20.0
32262,3900,27.0
32263,1105,12.0
32264,2064,39.0
32265,3117,13.0
32266,1142,7.0
32267,1060,4.0
32268,2381,19.0
32269,3366,54.0
32270,1339,42.0
32271,2560,31.0
32272,285,25.0
32273,2476,12.0
32274,1862,46.0
32275,3488,6.0
32276,3178,8.0
32277,733,37.0
32278,756,23.0
32279,3622,58.0
32280,1277,12.0
32281,3703,6.0
32282,1905,10.0
32283,2636,15.0
32284,2014,12.0
32285,3056,9.0
32286,465,19.0
32287,3869,49.0
32288,1108,28.0
32289,1906,58.0
32290,851,46.0
32291,3142,60.0
32292,1300,31.0
32293,1430,36.0
32294,362,59.0
32295,2456,56.0
32296,2360,44.0
32297,3700,42.0
32298,2620,2.0
32299,437,52.0
32300,3774,6.0
32301,1218,19.0
32302,696,5.0
32303,3407,33.0
32304,3902,58.0
32305,2086,30.0
32306,1356,42.0
32307,1704,26.0
32308,3571,6.0
32309,2132,5.0
32310,3209,44.0
32311,2096,23.0
32312,1273,6.0
32313,3623,27.0
32314,368,41.0
32315,854,32.0
32316,3646,59.0
32317,3130,17.0
32318,3784,5.0
32319,3885,17.0
32320,1494,13.0
32321,2973,29.0
32322,1471,20.0
32323,2001,27.0
32324,1486,42.0
32325,1321,47.0
32326,1877,17.0
32327,3499,22.0
32328,2124,39.0
32329,1221,60.0
32330,2316,29.0
32331,1068,16.0
32332,1930,24.0
32333,1316,14.0
32334,1742,47.0
32335,3265,34.0
32336,2700,5.0
32337,2115,36.0
32338,3915,12.0
32339,3144,16.0
32340,1571,58.0
32341,2253,44.0
32342,1433,10.0
32343,2583,42.0
32344,1817,42.0
32345,2915,51.0
32346,3340,18.0
32347,2790,7.0
32348,577,14.0
32349,3220,14.0
32350,3488,26.0
32351,1277,14.0
32352,3593,2.0
32353,2736,42.0
32354,2311,31.0
32355,1464,63.0
32356,1355,9.0
32357,2382,40.0
32358,1886,57.0
32359,832,31.0
32360,751,28.0
32361,436,27.0
32362,722,42.0
32363,1075,12.0
32364,2802,39.0
32365,1780,11.0
32366,1247,14.0
32367,3066,62.0
32368,403,51.0
32369,2518,23.0
32370,1069,15.0
32371,2651,6.0
32372,2974,40.0
32373,657,52.0
32374,3372,32.0
32375,1464,63.0
32376,1326,24.0
32377,3393,49.0
32378,323,57.0
32379,1628,62.0
32380,2610,33.0
32381,3721,56.0
32382,763,50.0
32383,792,10.0
32384,1568,2.0
32385,1276,29.0
32386,3472,52.0
32387,2520,17.0
32388,3423,63.0
32389,258,52.0
32390,1868,42.0
32391,2171,14.0
32392,780,28.0
32393,712,6.0
32394,1012,30.0
32395,318,28.0
32396,3948,26.0
32397,629,14.0
32398,1161,29.0
32399,1403,35.0
32400,3707,13.0
32401,1305,55.0
32402,2926,18.0
32403,2674,27.0
32404,471,40.0
32405,1724,21.0
32406,1220,60.0
32407,2754,63.0
32408,594,33.0
32409,1005,54.0
32410,2439,14.0
32411,2302,30.0
32412,1083,15.0
32413,2219,10.0
32414,1571,32.0
32415,2107,15.0
32416,593,2.0
32417,857,50.0
32418,3518,44.0
32419,1284,58.0
32420,545,19.0
32421,3566,6.0
32422,2821,34.0
32423,3442,59.0
32424,1309,6.0
32425,1179,19.0
32426,1713,37.0
32427,1663,9.0
32428,1812,10.0
32429,1384,41.0
32430,1348,44.0
32431,3957,27.0
32432,1212,14.0
32433,3925,24.0
32434,348,32.0
32435,1382,40.0
32436,980,18.0
32437,838,16.0
32438,378,31.0
32439,909,22.0
32440,3632,13.0
32441,3396,64.0
32442,1861,53.0
32443,348,27.0
32444,2528,13.0
32445,2190,5.0
32446,663,6.0
32447,961,11.0
32448,1280,44.0
32449,2189,50.0
32450,531,55.0
32451,2331,12.0
32452,794,31.0
32453,2644,50.0
32454,1666,22.0
32455,2157,57.0
32456,1196,44.0
32457,2072,33.0
32458,1590,42.0
32459,2916,11.0
32460,3707,31.0
32461,726,10.0
32462,3577,44.0
32463,2627,28.0
32464,685,20.0
32465,1693,33.0
32466,2137,40.0
32467,3696,10.0
32468,3771,33.0
32469,1342,40.0
32470,1379,20.0
32471,1164,11.0
32472,908,63.0
32473,1019,10.0
32474,3685,29.0
32475,1470,5.0
32476,2299,2.0
32477,999,39.0
32478,3011,44.0
32479,3142,54.0
32480,1543,12.0
32481,3692,40.0
32482,2753,31.0
32483,2156,50.0
32484,2637,9.0
32485,331,21.0
32486,1214,22.0
32487,2248,3.0
32488,3073,36.0
32489,422,8.0
32490,2293,12.0
32491,3958,2.0
32492,432,29.0
32493,1152,48.0
32494,1303,26.0
32495,797,20.0
32496,298,40.0
32497,3847,20.0
32498,2110,64.0
32499,1921,43.0
32500,2423,60.0
32501,1658,15.0
32502,2361,21.0
32503,1380,60.0
32504,3892,4.0
32505,315,8.0
32506,2289,36.0
32507,2182,11.0
32508,2184,23.0
32509,2872,48.0
32510,2367,35.0
32511,1919,3.0
32512,3296,34.0
32513,462,14.0
32514,1591,27.0
32515,1593,20.0
32516,2456,42.0
32517,2933,14.0
32518,3154,22.0
32519,3615,60.0
32520,3563,24.0
32521,1440,33.0
32522,1907,57.0
32523,324,38.0
32524,1404,50.0
32525,2738,8.0
32526,2722,60.0
32527,2294,12.0
32528,1424,30.0
32529,1133,55.0
32530,555,58.0
32531,3785,9.0
32532,3675,59.0
32533,435,38.0
32534,3183,11.0
32535,3495,6.0
32536,1853,57.0
32537,2648,16.0
32538,2647,19.0
32539,702,30.0
32540,1836,5.0
32541,3894,18.0
32542,2944,30.0
32543,3424,44.0
32544,2678,40.0
32545,2424,15.0
32546,2671,20.0
32547,3078,27.0
32548,2304,15.0
32549,1146,45.0
32550,2335,39.0
32551,1422,23.0
32552,2096,55.0
32553,1303,18.0
32554,1115,36.0
32555,456,42.0
32556,3396,43.0
32557,2750,28.0
32558,941,54.0
32559,2278,2.0
32560,2273,26.0
32561,2355,14.0
32562,2328,50.0
32563,2638,28.0
32564,558,23.0
32565,1345,39.0
32566,425,12.0
32567,2192,16.0
32568,3397,14.0
32569,1208,3.0
32570,267,27.0
32571,3518,34.0
32572,3122,16.0
32573,1050,43.0
32574,3358,56.0
32575,2929,42.0
32576,624,12.0
32577,1598,49.0
32578,2052,24.0
32579,1249,15.0
32580,412,54.0
32581,595,19.0
32582,263,19.0
32583,2577,22.0
32584,639,46.0
32585,3206,2.0
32586,1550,26.0
32587,1646,31.0
32588,1930,35.0
32589,3695,11.0
32590,3235,36.0
32591,2334,7.0
32592,1998,62.0
32593,2258,7.0
32594,1869,42.0
32595,1825,30.0
32596,3946,5.0
32597,436,8.0
32598,2678,53.0
32599,3887,59.0
32600,1813,35.0
32601,817,27.0
32602,3614,24.0
32603,2013,39.0
32604,543,5.0
32605,3400,27.0
32606,2623,17.0
32607,2700,33.0
32608,1400,21.0
32609,3127,58.0
32610,2803,44.0
32611,2518,15.0
32612,3564,6.0
32613,2515,37.0
32614,3654,40.0
32615,3930,24.0
32616,3476,39.0
32617,3242,41.0
32618,2666,52.0
32619,1695,48.0
32620,3510,15.0
32621,3438,17.0
32622,2033,41.0
32623,1017,62.0
32624,1686,38.0
32625,862,58.0
32626,957,11.0
32627,3494,16.0
32628,3083,56.0
32629,1656,30.0
32630,313,34.0
32631,3282,20.0
32632,3629,47.0
32633,1687,44.0
32634,1149,28.0
32635,3899,62.0
32636,1783,4.0
32637,1629,47.0
32638,2528,8.0
32639,3256,2.0
32640,2341,41.0
32641,2785,57.0
32642,3761,14.0
32643,1513,5.0
32644,2240,45.0
32645,820,5.0
32646,1875,59.0
32647,920,33.0
32648,3615,63.0
32649,1412,7.0
32650,361,5.0
32651,1540,50.0
32652,1077,11.0
32653,3610,40.0
32654,512,57.0
32655,3024,62.0
32656,1610,27.0
32657,2201,16.0
32658,3338,42.0
32659,3473,61.0
32660,2203,10.0
32661,940,13.0
32662,1155,4.0
32663,3872,20.0
32664,1882,61.0
32665,1798,16.0
32666,2598,18.0
32667,1567,46.0
32668,1491,2.0
32669,2003,42.0
32670,3905,54.0
32671,291,57.0
32672,1693,9.0
32673,1788,25.0
32674,3322,26.0
32675,1751,32.0
32676,1641,23.0
32677,2854,51.0
32678,3115,17.0
32679,3259,45.0
32680,1612,49.0
32681,2319,37.0
32682,1258,7.0
32683,1543,41.0
32684,3991,49.0
32685,3555,62.0
32686,3411,5.0
32687,524,24.0
32688,3541,35.0
32689,1998,4.0
32690,3437,33.0
32691,1637,17.0
32692,3064,52.0
32693,2855,12.0
32694,1393,53.0
32695,1633,33.0
32696,2392,48.0
32697,3284,26.0
32698,464,20.0
32699,1234,45.0
32700,292,36.0
32701,2521,33.0
32702,2658,20.0
32703,587,27.0
32704,2190,2.0
32705,879,35.0
32706,1743,54.0
32707,1181,21.0
32708,3330,29.0
32709,3564,42.0
32710,562,56.0
32711,1659,47.0
32712,1816,14.0
32713,1338,49.0
32714,2992,7.0
32715,315,7.0
32716,3249,2.0
32717,3242,5.0
32718,2725,28.0
32719,586,27.0
32720,2454,9.0
32721,804,30.0
32722,2460,44.0
32723,1295,27.0
32724,2625,8.0
32725,1999,21.0
32726,2698,15.0
32727,3742,26.0
32728,1193,21.0
32729,3511,24.0
32730,885,20.0
32731,1044,5.0
32732,2548,17.0
32733,2940,19.0
32734,3966,11.0
32735,3484,48.0
32736,1246,5.0
32737,2757,52.0
32738,2378,24.0
32739,1794,12.0
32740,3933,32.0
32741,1637,26.0
32742,783,21.0
32743,3094,42.0
32744,1774,28.0
32745,256,59.0
32746,1365,52.0
32747,2339,45.0
32748,2049,57.0
32749,3241,28.0
32750,867,21.0
32751,2175,50.0
32752,3497,44.0
32753,609,10.0
32754,3285,43.0
32755,3684,35.0
32756,3586,57.0
32757,2322,26.0
32758,354,56.0
32759,3204,27.0
32760,1400,44.0
32761,2308,23.0
32762,1082,46.0
32763,3104,40.0
32764,2847,22.0
32765,2256,44.0
32766,1113,16.0
32767,3210,32.0
32768,3990,23.0
32769,984,63.0
32770,3117,8.0
32771,1622,48.0
32772,2967,64.0
32773,1037,12.0
32774,2908,7.0
32775,1167,30.0
32776,2715,19.0
32777,1734,16.0
32778,2259,11.0
32779,2921,16.0
32780,1244,47.0
32781,3132,64.0
32782,2488,23.0
32783,1052,29.0
32784,2927,28.0
32785,2090,26.0
32786,2131,34.0
32787,3362,47.0
32788,1053,23.0
32789,1799,51.0
32790,3124,54.0
32791,1672,11.0
32792,1552,15.0
32793,1938,64.0
32794,3202,47.0
32795,1302,53.0
32796,2296,64.0
32797,575,8.0
32798,2359,12.0
32799,3314,20.0
32800,440,60.0
32801,2002,11.0
32802,3167,16.0
32803,3480,37.0
32804,595,47.0
32805,2466,2.0
32806,1337,60.0
32807,1462,53.0
32808,503,58.0
32809,2066,30.0
32810,708,27.0
32811,2029,55.0
32812,308,38.0
32813,552,6.0
32814,2082,63.0
32815,3314,16.0
32816,3996,19.0
32817,1795,5.0
32818,594,51.0
32819,2473,58.0
32820,690,31.0
32821,3845,34.0
32822,2004,17.0
32823,2083,53.0
32824,2661,26.0
32825,1903,57.0
32826,2466,56.0
32827,3779,2.0
32828,3904,5.0
32829,265,48.0
32830,1417,60.0
32831,1769,26.0
32832,2948,17.0
32833,2572,41.0
32834,3267,21.0
32835,1459,37.0
32836,1633,12.0
32837,2052,45.0
32838,1086,14.0
32839,2402,24.0
32840,3376,42.0
32841,1507,52.0
32842,641,44.0
32843,3451,35.0
32844,1607,14.0
32845,3521,6.0
32846,1241,7.0
32847,881,16.0
32848,2563,62.0
32849,3033,61.0
32850,769,59.0
32851,3454,49.0
32852,819,60.0
32853,435,2.0
32854,586,30.0
32855,650,19.0
32856,3038,14.0
32857,3736,60.0
32858,2948,9.0
32859,739,19.0
32860,686,25.0
32861,841,7.0
32862,1183,29.0
32863,3943,19.0
32864,1037,54.0
32865,2633,53.0
32866,3911,44.0
32867,1958,20.0
32868,3297,22.0
32869,3141,24.0
32870,3351,17.0
32871,2355,55.0
32872,1308,3.0
32873,991,27.0
32874,3248,39.0
32875,1519,5.0
32876,493,53.0
32877,1747,2.0
32878,2517,64.0
32879,1389,53.0
32880,2522,2.0
32881,1885,27.0
32882,704,16.0
32883,953,10.0
32884,3206,28.0
32885,928,42.0
32886,2177,2.0
32887,2610,52.0
32888,489,12.0
32889,3839,8.0
32890,1861,15.0
32891,299,56.0
32892,340,32.0
32893,3606,15.0
32894,799,62.0
32895,2367,46.0
32896,445,30.0
32897,3927,11.0
32898,3756,63.0
32899,770,36.0
32900,1641,21.0
32901,2343,13.0
32902,2787,9.0
32903,2495,47.0
32904,3208,45.0
32905,1234,18.0
32906,1069,38.0
32907,3568,11.0
32908,3585,45.0
32909,1974,2.0
32910,2419,35.0
32911,340,13.0
32912,2282,41.0
32913,298,63.0
32914,968,39.0
32915,2391,18.0
32916,1534,62.0
32917,696,10.0
32918,2782,23.0
32919,755,45.0
32920,3746,16.0
32921,2651,41.0
32922,1341,45.0
32923,2651,37.0
32924,1824,12.0
32925,1905,14.0
32926,1456,40.0
32927,3155,63.0
32928,773,33.0
32929,1829,35.0
32930,3883,32.0
32931,1675,33.0
32932,1601,30.0
32933,1958,2.0
32934,2376,8.0
32935,1647,21.0
32936,3548,40.0
32937,2694,37.0
32938,2195,49.0
32939,2506,4.0
32940,2073,16.0
32941,3767,21.0
32942,1150,7.0
32943,841,6.0
32944,1675,7.0
32945,1301,21.0
32946,1817,32.0
32947,2321,6.0
32948,1974,25.0
32949,3433,64.0
32950,1205,27.0
32951,872,23.0
32952,2052,18.0
32953,3654,64.0
32954,1503,36.0
32955,3104,24.0
32956,343,17.0
32957,3430,5.0
32958,2470,45.0
32959,1396,24.0
32960,2668,27.0
32961,1457,61.0
32962,2452,16.0
32963,1871,55.0
32964,1112,40.0
32965,967,3.0
32966,2498,14.0
32967,387,42.0
32968,635,21.0
32969,2711,6.0
32970,2023,29.0
32971,2215,25.0
32972,824,46.0
32973,3851,9.0
32974,2156,33.0
32975,2885,27.0
32976,495,10.0
32977,2358,18.0
32978,1744,53.0
32979,1832,9.0
32980,2016,4.0
32981,1300,6.0
32982,2313,41.0
32983,2216,37.0
32984,3142,59.0
32985,1850,58.0
32986,1424,13.0
32987,1620,57.0
32988,2592,15.0
32989,296,36.0
32990,3579,44.0
32991,1180,21.0
32992,3962,18.0
32993,3978,50.0
32994,668,2.0
32995,2032,39.0
32996,3057,36.0
32997,869,46.0
32998,3919,45.0
32999,2156,33.0
33000,1300,6.0
33001,3248,34.0
