ScreenID,sc_h,sc_w,px_width,px_height
20001,12,7,1412,226.0
20002,6,0,857,746.0
20003,17,10,1366,1270.0
20004,10,0,1752,295.0
20005,15,8,810,638.5933
20006,10,7,939,569.0
20007,14,2,1374,1283.0
20008,7,2,1880,1312.0
20009,11,9,876,556.0
20010,6,0,1009,52.0
20011,13,7,1336,503.0
20012,15,8,1671,235.0
20013,6,2,1893,829.0
20014,13,0,1856,227.0
20015,17,6,1323,638.5933
20016,9,5,1832,185.0
20017,13,3,1511,613.0
20018,9,2,532,335.0
20019,19,12,1771,82.0
20020,5,0,559,47.0
20021,15,1,1930,504.0
20022,13,11,1591,521.0
20023,17,0,1587,777.0
20024,17,3,1111,512.0
20025,17,4,1321,1194.0
20026,15,10,1306,1003.0
20027,16,11,1200,575.0
20028,17,3,658,54.0
20029,10,9,630,627.0
20030,11,3,1048,129.0
20031,11,2,1408,876.0
20032,9,5,643,501.0
20033,17,11,1633,1407.0
20034,18,13,992,722.0
20035,11,7,1904,1219.0
20036,5,3,1777,119.0
20037,17,16,1557,753.0
20038,19,2,847,162.0
20039,13,0,528,313.0
20040,16,6,566,181.0
20041,9,5,1892,1416.0
20042,13,4,851,645.0
20043,5,4,633,79.0
20044,14,0,972,153.0
20045,5,3,748,480.0
20046,17,3,1234,700.0
20047,7,0,610,221.0
20048,16,4,1896,1585.0
20049,11,5,1867,65.0
20050,7,1,816,556.0
20051,17,14,764,224.0
20052,16,4,992,705.0
20053,6,0,1695,709.0
20054,14,2,663,97.0
20055,17,6,1360,1131.0
20056,18,15,1022,359.0
20057,10,6,1871,1813.0
20058,9,1,1788,839.0
20059,13,5,666,550.0
20060,9,6,755,443.0
20061,11,2,1113,502.0
20062,10,0,647,130.0
20063,5,0,667,19.0
20064,12,0,636,386.0
20065,9,2,1345,22.0
20066,8,0,1552,49.0
20067,5,2,1508,1497.0
20068,5,1,1361,1327.0
20069,5,2,1386,555.0
20070,8,6,1808,1560.0
20071,17,13,702,346.0
20072,10,5,1660,912.0
20073,15,12,882,756.0
20074,16,1,1704,699.0
20075,18,10,1752,582.0
20076,19,11,1078,680.0
20077,18,1,1015,814.0
20078,13,7,1597,672.0
20079,9,6,911,450.0
20080,5,0,1371,757.0
20081,15,8,900,208.0
20082,7,2,1256,1194.0
20083,8,3,1427,1335.0
20084,8,7,1585,91.0
20085,19,17,653,33.0
20086,8,4,1499,1095.0
20087,13,11,797,336.0
20088,14,3,661,659.0
20089,10,4,709,183.0
20090,14,0,1100,652.0
20091,14,0,1416,440.0
20092,14,1,886,532.0
20093,6,0,1949,1373.0
20094,19,7,920,773.0
20095,8,2,974,965.0
20096,11,10,1864,568.0
20097,19,3,1157,652.0
20098,8,1,1463,214.0
20099,15,4,1003,423.0
20100,14,1,627,537.0
20101,10,5,1872,667.0
20102,11,7,692,491.0
20103,12,2,1829,1037.0
20104,14,8,610,325.0
20105,11,6,974,49.0
20106,9,2,1945,1324.0
20107,11,9,921,597.0
20108,9,3,836,765.0
20109,12,10,1115,470.0
20110,18,14,1062,653.0
20111,17,15,1609,463.0
20112,5,1,1205,325.0
20113,18,17,910,855.0
20114,11,5,1684,912.0
20115,13,2,1110,492.0
20116,15,0,769,605.0
20117,16,10,1989,401.0
20118,14,6,1821,366.0
20119,10,4,1358,1225.0
20120,9,3,856,573.0
20121,15,3,538,261.0
20122,11,5,1138,680.0
20123,7,6,683,280.0
20124,12,8,1443,565.0
20125,14,2,1673,1379.0
20126,9,1,1297,949.0
20127,5,3,911,703.0
20128,12,2,1682,1264.0
20129,11,10,1917,1816.0
20130,12,0,894,108.0
20131,15,10,1743,1328.0
20132,5,3,1061,797.0
20133,11,10,555,361.0
20134,6,5,1715,1049.0
20135,18,9,1718,357.0
20136,9,7,764,197.0
20137,5,0,1801,906.0
20138,6,1,1405,806.0
20139,14,0,1498,924.0
20140,12,7,1148,223.0
20141,8,1,718,140.0
20142,13,6,863,113.0
20143,18,15,1727,1531.0
20144,12,0,708,35.0
20145,11,5,1691,1524.0
20146,6,0,1667,838.0
20147,19,3,596,495.0
20148,19,15,1772,1212.0
20149,11,8,814,655.0
20150,8,2,797,496.0
20151,8,4,1521,800.0
20152,11,1,1425,1010.0
20153,16,1,1052,102.0
20154,7,0,1406,948.0
20155,8,4,1236,82.0
20156,13,10,1846,1286.0
20157,15,14,995,264.0
20158,5,4,834,75.0
20159,14,13,919,461.0
20160,17,9,1410,321.0
20161,19,14,1341,120.0
20162,17,15,1683,174.0
20163,17,5,1997,1341.0
20164,19,18,1684,1337.0
20165,5,1,935,494.0
20166,17,2,1024,849.0
20167,9,1,1291,644.0
20168,9,5,1985,1557.0
20169,14,9,872,376.0
20170,12,1,532,151.0
20171,5,1,830,450.0
20172,13,6,1532,1336.0
20173,6,0,1718,1411.0
20174,19,10,1236,742.0
20175,13,4,1414,1046.0
20176,18,9,1012,85.0
20177,11,6,1846,889.0
20178,13,12,688,182.0
20179,16,12,1261,282.0
20180,19,7,1612,1168.0
20181,13,3,1266,74.0
20182,6,2,1134,457.0
20183,9,5,1896,1842.0
20184,14,0,1039,103.0
20185,5,2,1644,1470.0
20186,12,7,1686,1065.0
20187,6,5,1754,1466.0
20188,10,9,1439,563.0
20189,9,1,1203,460.0
20190,6,2,1369,983.0
20191,9,5,1953,1114.0
20192,10,7,1248,729.0
20193,19,1,1393,1240.0
20194,18,6,1724,98.0
20195,15,13,1435,197.0
20196,5,1,1666,813.0
20197,19,10,1200,1055.0
20198,7,5,1640,1019.0
20199,5,4,618,159.0
20200,5,1,691,406.0
20201,16,14,663,26.0
20202,9,5,1698,406.0
20203,13,12,991,918.0
20204,19,7,1290,940.0
20205,10,6,1443,1411.0
20206,13,0,1797,465.0
20207,17,4,1562,847.0
20208,16,5,1276,314.0
20209,7,6,960,829.0
20210,17,16,1008,185.0
20211,15,4,1815,589.0
20212,10,2,655,471.0
20213,19,7,1912,1384.0
20214,5,1,641,13.0
20215,19,4,1964,897.0
20216,5,4,1103,83.0
20217,7,4,1427,237.0
20218,7,3,1254,614.0
20219,9,3,801,647.0
20220,12,8,1366,223.0
20221,10,0,1198,278.0
20222,11,2,1565,1459.0
20223,5,1,1436,1146.0
20224,12,7,1316,261.0
20225,17,10,1737,878.0
20226,13,12,1578,1112.0
20227,15,5,959,458.0
20228,11,2,1996,521.0
20229,15,1,983,417.0
20230,17,2,1696,134.0
20231,9,3,1142,615.0
20232,12,9,1092,1017.0
20233,13,3,1741,725.0
20234,16,13,965,749.0
20235,5,0,1637,868.0
20236,17,5,947,68.0
20237,12,7,608,299.0
20238,14,9,1319,477.0
20239,12,7,706,288.0
20240,15,13,1680,1145.0
20241,14,6,720,515.0
20242,12,4,1820,47.0
20243,15,0,934,121.0
20244,13,2,1309,452.0
20245,15,10,1228,603.0
20246,18,13,1459,1381.0
20247,17,0,615,510.0
20248,8,1,1591,1460.0
20249,14,1,613,102.0
20250,18,6,574,174.0
20251,12,6,1475,884.0
20252,12,6,1339,750.0
20253,10,2,587,319.0
20254,16,3,1447,901.0
20255,13,0,1224,775.0
20256,10,5,1840,889.0
20257,8,7,1339,986.0
20258,19,5,1151,283.0
20259,10,1,1781,955.0
20260,7,5,1275,178.0
20261,19,0,1187,759.0
20262,14,10,754,746.0
20263,15,9,551,237.0
20264,11,4,1552,929.0
20265,6,5,1070,644.0
20266,13,0,1721,646.0
20267,14,9,783,371.0
20268,5,2,1386,1256.0
20269,13,10,517,389.0
20270,8,0,1320,123.0
20271,15,5,1788,663.0
20272,19,10,1423,1268.0
20273,13,6,1175,98.0
20274,16,9,1210,638.5933
20275,10,5,1672,1424.0
20276,17,4,1554,915.0
20277,18,0,1839,635.0
20278,14,11,1239,167.0
20279,16,6,820,135.0
20280,18,10,1274,991.0
20281,5,4,1501,896.0
20282,14,2,1058,3.0
20283,19,3,1461,924.0
20284,6,2,1834,1300.0
20285,8,2,1371,633.0
20286,8,3,1205,735.0
20287,12,3,1120,213.0
20288,7,1,839,495.0
20289,7,6,853,475.0
20290,5,2,1918,1305.0
20291,9,8,1151,382.0
20292,10,1,1499,572.0
20293,15,10,1410,16.0
20294,8,0,1757,1028.0
20295,7,3,1689,482.0
20296,5,1,1345,1200.0
20297,15,6,756,299.0
20298,6,3,757,696.0
20299,6,1,1376,1164.0
20300,7,1,714,450.0
20301,13,5,708,164.0
20302,8,2,1910,77.0
20303,10,2,1618,1316.0
20304,14,6,1761,51.0
20305,19,16,1708,1664.0
20306,11,10,989,400.0
20307,15,14,1251,812.0
20308,16,9,1170,831.0
20309,12,5,1857,12.0
20310,7,3,1753,870.0
20311,15,9,767,106.0
20312,13,6,760,713.0
20313,12,1,1311,669.0
20314,7,4,1981,1359.0
20315,15,9,586,177.0
20316,12,2,1827,354.0
20317,7,1,1770,305.0
20318,5,0,508,303.0
20319,15,7,1018,215.0
20320,18,13,1256,22.0
20321,12,4,1490,1324.0
20322,10,5,1129,819.0
20323,17,10,1661,1549.0
20324,15,6,1782,410.0
20325,19,3,1592,1152.0
20326,8,5,628,234.0
20327,6,3,1015,388.0
20328,8,0,828,636.0
20329,17,12,736,199.0
20330,17,2,611,130.0
20331,13,10,1732,1114.0
20332,18,9,1685,786.0
20333,14,2,841,117.0
20334,19,8,912,463.0
20335,9,3,548,173.0
20336,6,0,610,134.0
20337,19,10,581,444.0
20338,16,13,516,74.0
20339,18,2,1332,1304.0
20340,17,6,714,584.0
20341,9,3,1070,670.0
20342,8,1,518,27.0
20343,19,4,813,559.0
20344,5,3,1440,716.0
20345,16,0,1726,931.0
20346,12,8,1468,573.0
20347,11,0,1378,328.0
20348,7,0,1160,383.0
20349,18,5,1998,68.0
20350,7,5,813,436.0
20351,12,7,966,204.0
20352,11,5,1388,1174.0
20353,13,4,620,537.0
20354,11,9,1836,1034.0
20355,15,2,888,371.0
20356,6,2,1850,178.0
20357,15,2,1714,213.0
20358,9,1,1955,798.0
20359,13,12,1957,86.0
20360,8,4,624,489.0
20361,8,2,1443,1338.0
20362,9,7,1457,128.0
20363,17,10,1555,457.0
20364,16,10,1117,678.0
20365,7,6,508,260.0
20366,6,4,1092,713.0
20367,15,0,799,163.0
20368,15,10,1622,1430.0
20369,15,0,1382,633.0
20370,8,1,619,242.0
20371,9,3,1473,1154.0
20372,6,4,679,48.0
20373,16,8,1652,416.0
20374,12,3,1477,493.0
20375,9,1,692,621.0
20376,18,15,1327,189.0
20377,17,16,1326,152.0
20378,13,7,1850,1355.0
20379,7,1,1100,443.0
20380,19,16,588,86.0
20381,17,2,1969,1674.0
20382,14,0,1436,530.0
20383,11,5,1656,1009.0
20384,10,7,727,193.0
20385,7,3,765,564.0
20386,8,2,1661,890.0
20387,13,9,1910,1516.0
20388,17,6,640,348.0
20389,16,15,531,349.0
20390,5,1,1018,37.0
20391,16,1,1189,906.0
20392,6,1,764,529.0
20393,15,3,1179,670.0
20394,12,10,621,288.0
20395,19,4,1620,721.0
20396,7,0,1547,1060.0
20397,10,9,739,564.0
20398,17,6,777,765.0
20399,9,4,719,7.0
20400,11,8,964,880.0
20401,19,6,1790,1180.0
20402,16,1,939,638.0
20403,17,8,561,313.0
20404,19,5,793,490.0
20405,7,4,1580,791.0
20406,17,15,1687,1130.0
20407,13,10,1089,513.0
20408,5,4,1113,919.0
20409,15,1,1864,1376.0
20410,11,9,1445,1070.0
20411,14,12,1306,709.0
20412,9,7,1223,1023.0
20413,19,2,1300,479.0
20414,17,7,1762,1603.0
20415,6,5,1089,575.0
20416,7,5,1466,157.0
20417,15,13,553,522.0
20418,7,5,1214,0.0
20419,11,9,641,586.0
20420,8,0,1521,996.0
20421,17,7,569,98.0
20422,8,5,1132,893.0
20423,15,5,1332,1262.0
20424,13,5,1751,1545.0
20425,13,3,1054,797.0
20426,13,2,1966,605.0
20427,12,9,1774,1673.0
20428,12,2,1233,537.0
20429,7,6,1981,1221.0
20430,18,17,790,754.0
20431,8,5,1881,10.0
20432,14,0,690,438.0
20433,9,8,1012,43.0
20434,7,6,1005,934.0
20435,15,2,642,90.0
20436,17,6,514,263.0
20437,16,10,551,257.0
20438,15,12,1260,843.0
20439,13,0,1425,48.0
20440,7,5,1296,577.0
20441,17,9,1225,524.0
20442,5,1,996,776.0
20443,10,3,1891,633.0
20444,14,7,1418,992.0
20445,8,6,1291,986.0
20446,14,10,613,478.0
20447,5,4,624,174.0
20448,19,17,817,114.0
20449,7,5,600,268.0
20450,14,6,1111,301.0
20451,16,10,1240,633.0
20452,17,9,585,144.0
20453,18,11,825,486.0
20454,11,10,1357,640.0
20455,17,7,525,243.0
20456,19,1,1851,1133.0
20457,5,2,1959,1900.0
20458,13,6,573,523.0
20459,7,4,1891,1783.0
20460,6,5,1587,668.0
20461,16,10,597,269.0
20462,17,11,1552,794.0
20463,14,0,963,205.0
20464,13,7,937,615.0
20465,9,4,1898,1111.0
20466,10,4,1763,1226.0
20467,18,11,1852,661.0
20468,5,2,974,584.0
20469,19,10,1444,1381.0
20470,12,8,616,292.0
20471,10,4,1404,737.0
20472,6,1,1668,1289.0
20473,19,3,1700,1434.0
20474,18,13,1386,1338.0
20475,14,0,1637,589.0
20476,13,11,1972,178.0
20477,8,0,1470,716.0
20478,9,8,1149,1063.0
20479,17,7,1908,910.0
20480,7,2,538,174.0
20481,11,9,1072,665.0
20482,16,7,1594,1425.0
20483,16,5,1583,1291.0
20484,18,7,897,535.0
20485,16,1,1826,1357.0
20486,15,12,966,651.0
20487,15,8,1533,1006.0
20488,5,4,1594,349.0
20489,17,3,1908,740.0
20490,17,14,1545,1189.0
20491,9,6,1212,299.0
20492,5,2,1126,440.0
20493,16,0,761,425.0
20494,15,8,598,35.0
20495,7,2,520,441.0
20496,5,3,1208,968.0
20497,18,11,1785,753.0
20498,11,5,1055,29.0
20499,18,7,587,336.0
20500,14,8,1393,1062.0
20501,12,8,1737,226.0
20502,18,10,1502,923.0
20503,7,6,1249,406.0
20504,5,3,1418,781.0
20505,13,8,556,461.0
20506,13,9,1797,211.0
20507,10,6,785,17.0
20508,11,10,630,121.0
20509,18,11,1737,491.0
20510,6,5,518,93.0
20511,6,5,684,261.0
20512,14,12,1568,236.0
20513,5,0,1740,418.0
20514,13,7,890,550.0
20515,7,6,644,396.0
20516,16,4,1432,1336.0
20517,14,1,778,342.0
20518,15,4,1786,263.0
20519,19,0,573,506.0
20520,11,8,1535,1029.0
20521,13,2,1454,110.0
20522,13,12,1360,224.0
20523,5,1,1432,891.0
20524,9,2,1132,727.0
20525,14,1,1027,901.0
20526,19,18,1245,1152.0
20527,19,9,1971,1853.0
20528,5,2,923,185.0
20529,10,1,1234,243.0
20530,8,2,674,371.0
20531,16,11,1569,1315.0
20532,10,8,1757,614.0
20533,17,11,641,176.0
20534,15,5,596,417.0
20535,8,1,664,453.0
20536,18,1,1670,202.0
20537,6,3,1972,1133.0
20538,15,14,1899,1655.0
20539,10,6,1778,658.0
20540,13,10,891,595.0
20541,12,1,1623,150.0
20542,15,14,1758,1124.0
20543,5,1,565,489.0
20544,13,0,751,647.0
20545,18,6,1203,749.0
20546,18,7,651,477.0
20547,15,7,1154,829.0
20548,15,5,1590,1141.0
20549,17,9,1152,1096.0
20550,6,0,1108,612.0
20551,8,6,1202,1099.0
20552,13,11,1812,1515.0
20553,16,3,756,41.0
20554,16,5,1959,1128.0
20555,9,2,750,492.0
20556,19,15,1765,1542.0
20557,13,4,1032,786.0
20558,8,2,1316,1272.0
20559,13,0,1451,656.0
20560,16,13,1360,399.0
20561,9,4,1829,771.0
20562,7,5,1802,567.0
20563,8,4,1260,1002.0
20564,10,2,540,317.0
20565,7,1,1886,1080.0
20566,17,7,1717,1321.0
20567,17,4,555,185.0
20568,14,13,1975,208.0
20569,5,0,757,44.0
20570,5,4,695,598.0
20571,7,5,1130,11.0
20572,6,1,706,97.0
20573,5,1,1211,43.0
20574,9,1,701,303.0
20575,6,5,1680,645.0
20576,8,1,589,415.0
20577,11,9,666,126.0
20578,5,1,1150,126.0
20579,18,16,1504,837.0
20580,19,17,1345,1036.0
20581,15,5,1038,207.0
20582,7,2,601,345.0
20583,13,2,1717,717.0
20584,6,3,1494,994.0
20585,18,3,737,724.0
20586,5,1,1980,890.0
20587,18,4,1730,440.0
20588,8,0,1219,432.0
20589,11,9,1152,2.0
20590,12,10,1735,123.0
20591,14,3,1267,568.0
20592,19,15,1239,299.0
20593,8,5,1573,559.0
20594,5,4,1505,268.0
20595,14,9,1186,79.0
20596,12,0,878,797.0
20597,7,5,1688,1153.0
20598,8,2,575,520.0
20599,13,6,1461,324.0
20600,13,2,1647,490.0
20601,16,14,971,158.0
20602,9,8,1886,1788.0
20603,13,12,1794,1162.0
20604,14,3,1047,508.0
20605,18,1,960,783.0
20606,18,17,1937,1634.0
20607,18,9,507,487.0
20608,5,0,1784,551.0
20609,10,7,1869,1816.0
20610,6,5,1288,46.0
20611,15,4,914,12.0
20612,7,5,1310,451.0
20613,12,4,804,447.0
20614,6,5,1649,633.0
20615,11,2,579,567.0
20616,19,17,739,346.0
20617,9,5,1084,76.0
20618,9,0,1735,1444.0
20619,11,2,1352,685.0
20620,11,3,709,565.0
20621,19,9,1020,870.0
20622,19,8,1822,1032.0
20623,13,2,1584,661.0
20624,15,13,1531,237.0
20625,11,9,810,352.0
20626,17,8,793,426.0
20627,6,5,1445,1329.0
20628,17,6,1511,346.0
20629,11,2,1283,610.0
20630,7,4,1855,652.0
20631,10,0,1811,957.0
20632,6,3,997,972.0
20633,14,12,613,10.0
20634,10,3,507,282.0
20635,6,5,502,288.0
20636,10,2,1986,257.0
20637,9,1,1978,867.0
20638,14,5,1151,60.0
20639,6,4,1953,1017.0
20640,13,10,1723,518.0
20641,14,5,1159,954.0
20642,5,4,1293,871.0
20643,11,6,1623,927.0
20644,19,18,586,519.0
20645,17,0,862,682.0
20646,8,6,1527,491.0
20647,6,1,1154,137.0
20648,12,10,1733,1248.0
20649,14,1,1604,1471.0
20650,12,7,1252,1156.0
20651,19,15,1263,766.0
20652,17,14,1389,1369.0
20653,6,0,1387,456.0
20654,18,6,1729,1559.0
20655,15,8,1109,973.0
20656,13,7,811,363.0
20657,9,1,1793,1686.0
20658,14,11,1158,629.0
20659,7,6,1692,796.0
20660,7,1,1716,557.0
20661,11,5,1294,658.0
20662,19,14,973,939.0
20663,16,3,512,140.0
20664,18,1,736,580.0
20665,7,5,1279,186.0
20666,7,3,1474,1375.0
20667,12,5,870,487.0
20668,19,18,1443,180.0
20669,8,0,675,595.0
20670,10,6,926,241.0
20671,14,4,1496,19.0
20672,8,6,1697,1182.0
20673,6,3,867,199.0
20674,17,1,1318,659.0
20675,11,3,838,356.0
20676,6,3,722,390.0
20677,5,0,1710,805.0
20678,8,4,891,57.0
20679,19,0,1465,1028.0
20680,6,0,655,287.0
20681,12,9,1426,1371.0
20682,15,11,1601,525.0
20683,18,14,1496,1176.0
20684,6,4,1516,1364.0
20685,9,4,1156,701.0
20686,10,8,1978,1805.0
20687,9,0,1814,483.0
20688,10,6,1889,808.0
20689,17,1,1220,666.0
20690,11,5,1506,98.0
20691,5,3,1670,339.0
20692,17,8,1255,1235.0
20693,7,6,558,295.0
20694,16,5,682,346.0
20695,12,4,518,116.0
20696,16,11,758,353.0
20697,6,4,1598,483.0
20698,8,0,1671,486.0
20699,11,4,695,287.0
20700,15,0,1484,871.0
20701,15,13,1701,846.0
20702,15,11,1211,744.0
20703,13,7,1042,138.0
20704,9,3,1854,1010.0
20705,6,4,766,699.0
20706,15,0,609,501.0
20707,13,9,1308,436.0
20708,17,4,1025,406.0
20709,5,0,718,403.0
20710,12,4,1487,248.0
20711,16,7,1374,1236.0
20712,7,0,1338,1247.0
20713,18,14,1045,198.0
20714,14,11,1776,1281.0
20715,6,4,808,141.0
20716,5,1,1714,1001.0
20717,14,9,1521,663.0
20718,6,5,1612,1610.0
20719,15,13,1295,993.0
20720,13,7,817,643.0
20721,11,5,985,883.0
20722,18,7,831,392.0
20723,15,10,586,71.0
20724,18,3,1035,823.0
20725,17,2,1064,245.0
20726,8,4,1185,893.0
20727,9,7,751,108.0
20728,14,8,880,801.0
20729,14,13,925,129.0
20730,17,12,1993,849.0
20731,9,0,924,697.0
20732,17,14,1851,1068.0
20733,11,10,623,450.0
20734,14,3,668,242.0
20735,16,4,937,601.0
20736,18,0,517,45.0
20737,12,3,1928,1243.0
20738,9,3,1289,156.0
20739,10,6,630,81.0
20740,12,7,1644,93.0
20741,13,10,1015,945.0
20742,16,1,769,19.0
20743,10,0,1159,217.0
20744,8,0,1805,1526.0
20745,12,4,779,303.0
20746,8,5,1317,272.0
20747,12,1,665,539.0
20748,5,3,876,169.0
20749,11,9,750,599.0
20750,11,1,1573,446.0
20751,8,0,1733,460.0
20752,11,1,1518,1094.0
20753,6,5,1683,1096.0
20754,10,8,1541,249.0
20755,9,0,1791,287.0
20756,16,5,1760,181.0
20757,16,11,1215,995.0
20758,18,6,1210,186.0
20759,14,11,757,35.0
20760,18,2,657,128.0
20761,12,7,802,196.0
20762,14,13,1706,35.0
20763,8,7,1669,769.0
20764,12,7,1670,1455.0
20765,13,3,726,36.0
20766,19,16,1222,1009.0
20767,13,2,1668,495.0
20768,17,15,1760,875.0
20769,16,7,553,59.0
20770,6,1,1248,550.0
20771,6,2,544,509.0
20772,6,1,592,351.0
20773,19,13,536,481.0
20774,11,6,516,57.0
20775,17,10,1485,74.0
20776,10,5,1125,588.0
20777,16,7,1512,556.0
20778,7,5,1962,757.0
20779,6,1,1676,1023.0
20780,8,4,1353,588.0
20781,17,0,1131,861.0
20782,13,3,579,159.0
20783,15,14,785,35.0
20784,14,13,1910,349.0
20785,12,4,1680,667.0
20786,19,3,889,527.0
20787,14,8,576,135.0
20788,12,7,1810,318.0
20789,14,8,896,579.0
20790,12,3,1425,762.0
20791,15,13,1359,5.0
20792,18,4,1812,1768.0
20793,15,2,994,841.0
20794,8,6,1642,258.0
20795,13,4,555,211.0
20796,5,0,922,650.0
20797,16,4,681,493.0
20798,11,1,1246,1019.0
20799,14,8,1981,110.0
20800,18,12,1470,892.0
20801,13,0,635,555.0
20802,15,2,1137,179.0
20803,8,0,1936,4.0
20804,19,6,700,669.0
20805,7,0,1044,345.0
20806,12,1,1539,563.0
20807,16,5,535,381.0
20808,10,7,1764,444.0
20809,15,11,1005,48.0
20810,13,12,648,221.0
20811,5,4,1634,1260.0
20812,17,7,1854,486.0
20813,17,7,1825,615.0
20814,8,2,721,638.0
20815,6,3,824,809.0
20816,9,2,1350,1114.0
20817,7,6,883,0.0
20818,16,0,514,346.0
20819,18,15,1219,900.0
20820,8,0,1406,319.0
20821,16,0,1609,102.0
20822,12,3,1606,362.0
20823,16,4,1975,1228.0
20824,5,2,523,416.0
20825,8,2,1402,238.0
20826,6,0,1537,793.0
20827,11,8,1557,670.0
20828,8,2,1934,1445.0
20829,5,2,1546,973.0
20830,5,0,861,806.0
20831,12,2,1984,900.0
20832,13,4,643,98.0
20833,5,2,585,296.0
20834,11,9,865,763.0
20835,10,2,744,313.0
20836,18,5,1418,1354.0
20837,18,8,1364,253.0
20838,6,5,1896,1390.0
20839,15,0,727,700.0
20840,18,10,1813,663.0
20841,11,4,1123,218.0
20842,16,8,1160,142.0
20843,9,3,1784,169.0
20844,17,0,1247,67.0
20845,11,0,659,426.0
20846,11,10,1905,442.0
20847,6,1,1521,764.0
20848,15,7,1310,235.0
20849,5,4,1442,1102.0
20850,17,9,1562,9.0
20851,5,4,1021,793.0
20852,16,11,1131,1014.0
20853,18,13,695,566.0
20854,7,3,818,522.0
20855,11,10,1414,588.0
20856,6,1,722,605.0
20857,6,3,1367,1241.0
20858,16,5,1663,1044.0
20859,8,5,527,269.0
20860,12,9,993,715.0
20861,6,0,532,165.0
20862,8,0,628,91.0
20863,12,8,1572,1373.0
20864,14,8,566,520.0
20865,5,0,807,185.0
20866,9,4,584,573.0
20867,11,2,637,76.0
20868,10,4,1212,582.0
20869,7,3,1766,772.0
20870,14,9,1750,883.0
20871,14,7,1962,1573.0
20872,19,17,722,118.0
20873,18,15,538,153.0
20874,17,1,1134,193.0
20875,14,10,796,727.0
20876,5,3,716,686.0
20877,19,12,1025,670.0
20878,5,0,1238,108.0
20879,14,1,1634,45.0
20880,8,6,1273,532.0
20881,19,10,1372,666.0
20882,10,7,1602,1039.0
20883,14,7,1750,1591.0
20884,11,1,1719,15.0
20885,7,4,1692,1106.0
20886,10,4,1713,952.0
20887,10,2,555,9.0
20888,15,11,1512,157.0
20889,19,15,1351,1318.0
20890,5,2,1699,523.0
20891,8,3,1382,476.0
20892,5,1,1419,525.0
20893,5,0,1051,282.0
20894,11,3,1451,902.0
20895,19,18,799,506.0
20896,9,0,759,220.0
20897,6,3,1112,635.0
20898,5,4,1203,530.0
20899,14,6,1556,1516.0
20900,16,10,832,748.0
20901,11,1,1653,436.0
20902,19,11,1540,1165.0
20903,8,7,1806,419.0
20904,16,4,1852,39.0
20905,12,5,1146,49.0
20906,15,5,1535,1019.0
20907,13,1,1089,6.0
20908,10,4,992,804.0
20909,12,2,714,555.0
20910,7,1,1840,748.0
20911,15,2,1970,377.0
20912,14,0,1135,673.0
20913,19,14,1030,130.0
20914,16,5,1643,762.0
20915,16,2,843,214.0
20916,10,4,1847,1216.0
20917,5,1,1509,629.0
20918,15,12,1109,135.0
20919,13,5,1346,625.0
20920,9,6,1280,1041.0
20921,13,2,968,367.0
20922,9,0,1667,1117.0
20923,17,5,1577,1068.0
20924,18,14,868,464.0
20925,17,10,541,349.0
20926,8,2,721,148.0
20927,5,0,1660,139.0
20928,12,7,1362,875.0
20929,16,8,825,527.0
20930,18,11,1628,689.0
20931,17,2,727,405.0
20932,11,3,1514,1345.0
20933,19,1,655,75.0
20934,16,14,1923,1611.0
20935,12,9,1026,870.0
20936,10,0,1845,955.0
20937,11,0,1592,291.0
20938,17,12,1911,1907.0
20939,16,13,1052,824.0
20940,7,3,1695,999.0
20941,8,5,628,114.0
20942,5,3,829,562.0
20943,8,7,1175,724.0
20944,13,4,1045,483.0
20945,16,2,792,137.0
20946,10,9,1979,727.0
20947,10,1,1158,1001.0
20948,19,7,718,101.0
20949,18,11,517,487.0
20950,13,6,750,711.0
20951,17,6,1097,910.0
20952,8,6,1544,1337.0
20953,9,5,1357,518.0
20954,9,7,1782,919.0
20955,7,2,1726,578.0
20956,14,0,880,876.0
20957,19,6,674,98.0
20958,18,4,1895,1714.0
20959,12,5,1814,273.0
20960,15,10,1325,612.0
20961,16,6,1804,1315.0
20962,10,2,1967,1653.0
20963,9,2,1679,1409.0
20964,11,8,1028,975.0
20965,10,7,1596,762.0
20966,11,9,940,7.0
20967,11,8,502,70.0
20968,9,3,1028,170.0
20969,12,4,560,93.0
20970,16,3,1223,546.0
20971,12,0,1803,841.0
20972,14,2,1883,1080.0
20973,17,2,1790,665.0
20974,6,2,501,300.0
20975,9,6,1171,280.0
20976,5,2,719,7.0
20977,11,2,1029,499.0
20978,14,2,1284,1252.0
20979,12,6,833,349.0
20980,9,4,1837,1603.0
20981,9,3,1666,1196.0
20982,9,4,1199,855.0
20983,18,2,1885,1074.0
20984,16,14,767,516.0
20985,19,0,1021,410.0
20986,9,7,936,206.0
20987,15,4,1597,1257.0
20988,7,1,932,246.0
20989,16,6,1169,57.0
20990,10,8,1698,1019.0
20991,7,6,1290,555.0
20992,8,5,886,265.0
20993,14,8,913,644.0
20994,8,1,1632,1152.0
20995,5,0,825,477.0
20996,15,11,832,38.0
20997,9,2,608,457.0
20998,15,8,810,749.0
20999,14,1,1228,565.0
21000,9,7,756,20.0
21001,17,3,1988,905.0
21002,11,2,1716,1263.0
21003,16,8,1786,1216.0
21004,8,2,1212,1208.0
21005,17,1,1654,1004.0
21006,13,8,1018,381.0
21007,16,3,1149,512.0
21008,17,1,836,386.0
21009,19,10,1224,1137.0
21010,5,2,874,248.0
21011,14,9,1005,151.0
21012,18,0,748,607.0
21013,7,1,1440,344.0
21014,14,9,563,356.0
21015,17,15,1864,862.0
21016,10,9,1850,984.0
21017,10,2,810,441.0
21018,19,13,878,658.0
21019,11,1,1064,902.0
21020,17,15,1854,1314.0
21021,17,1,1385,974.0
21022,11,5,822,407.0
21023,8,7,788,466.0
21024,11,0,1245,201.0
21025,18,9,1434,291.0
21026,16,1,645,550.0
21027,17,8,1075,511.0
21028,10,1,1311,187.0
21029,12,7,1263,1171.0
21030,17,11,1739,1358.0
21031,5,1,654,413.0
21032,18,5,1152,85.0
21033,7,0,1919,178.0
21034,12,1,881,311.0
21035,10,4,1249,1134.0
21036,13,7,815,429.0
21037,6,5,1307,609.0
21038,6,1,730,347.0
21039,18,12,1613,1448.0
21040,18,2,967,434.0
21041,18,10,1932,1725.0
21042,15,0,714,685.0
21043,15,12,1456,880.0
21044,9,3,1652,1580.0
21045,8,3,1810,186.0
21046,10,5,1791,202.0
21047,16,12,774,27.0
21048,15,3,1433,1025.0
21049,16,13,1854,885.0
21050,5,0,1832,1042.0
21051,19,12,1383,1382.0
21052,12,5,629,546.0
21053,17,8,1287,1013.0
21054,6,0,804,690.0
21055,14,7,1036,667.0
21056,14,11,1449,822.0
21057,9,4,820,581.0
21058,7,5,713,265.0
21059,15,13,683,127.0
21060,14,4,969,916.0
21061,15,6,975,361.0
21062,7,0,547,322.0
21063,14,2,1353,753.0
21064,10,4,1570,504.0
21065,18,8,1618,651.0
21066,9,4,1858,1565.0
21067,16,11,1781,108.0
21068,11,1,1225,459.0
21069,7,1,603,205.0
21070,13,11,1724,570.0
21071,9,7,1217,1172.0
21072,15,6,1026,160.0
21073,11,0,638,4.0
21074,9,2,1413,763.0
21075,5,4,1242,339.0
21076,10,7,1071,1040.0
21077,11,7,778,166.0
21078,17,13,1552,1168.0
21079,8,7,1486,990.0
21080,19,10,1206,319.0
21081,14,11,1616,1397.0
21082,9,6,1752,708.0
21083,10,3,1122,1077.0
21084,11,5,1049,928.0
21085,15,9,1894,516.0
21086,16,0,741,96.0
21087,13,3,1118,1025.0
21088,9,5,1203,666.0
21089,10,1,1402,557.0
21090,19,3,1924,1605.0
21091,18,7,1242,1226.0
21092,16,10,802,769.0
21093,16,10,1105,403.0
21094,19,17,1990,177.0
21095,13,5,1179,942.0
21096,19,4,891,651.0
21097,18,17,1684,1572.0
21098,14,3,961,476.0
21099,6,2,1317,1233.0
21100,16,8,1739,836.0
21101,16,7,881,824.0
21102,17,14,984,391.0
21103,14,10,520,320.0
21104,11,4,902,325.0
21105,5,2,1504,125.0
21106,12,6,1634,846.0
21107,18,1,1796,1770.0
21108,19,17,1846,293.0
21109,19,13,1869,1633.0
21110,16,4,1471,1198.0
21111,18,13,874,768.0
21112,13,6,1974,70.0
21113,8,4,513,117.0
21114,9,1,1244,1158.0
21115,12,1,1661,1055.0
21116,12,9,973,635.0
21117,15,4,771,322.0
21118,5,3,989,275.0
21119,5,0,1954,1445.0
21120,12,9,1338,550.0
21121,18,11,1712,1242.0
21122,10,4,863,597.0
21123,5,4,1376,538.0
21124,13,5,1203,59.0
21125,19,14,902,819.0
21126,9,3,786,179.0
21127,6,4,1965,1259.0
21128,12,0,1732,396.0
21129,12,10,1398,713.0
21130,17,7,829,262.0
21131,7,0,792,622.0
21132,12,9,580,327.0
21133,10,5,1056,522.0
21134,12,8,1264,313.0
21135,12,3,1248,226.0
21136,19,4,669,605.0
21137,12,11,1686,692.0
21138,12,9,1539,1386.0
21139,9,1,1042,304.0
21140,17,0,1926,1590.0
21141,17,0,616,229.0
21142,18,17,1131,839.0
21143,12,11,1697,507.0
21144,19,0,536,436.0
21145,18,12,786,756.0
21146,12,6,1269,387.0
21147,16,1,1298,1265.0
21148,13,5,1967,1852.0
21149,13,10,1025,875.0
21150,10,1,800,140.0
21151,16,11,1359,577.0
21152,16,7,1996,975.0
21153,19,1,1013,510.0
21154,12,2,590,583.0
21155,16,10,1925,674.0
21156,18,4,1989,1125.0
21157,10,0,826,747.0
21158,17,0,1983,1612.0
21159,8,0,1545,311.0
21160,10,5,1533,116.0
21161,15,6,621,554.0
21162,7,1,1272,811.0
21163,17,14,1729,730.0
21164,16,4,1071,577.0
21165,17,16,974,660.0
21166,18,9,1554,450.0
21167,7,6,1611,1223.0
21168,12,8,1937,1109.0
21169,9,2,1942,45.0
21170,5,3,845,299.0
21171,17,4,627,506.0
21172,9,1,842,635.0
21173,19,6,1737,1045.0
21174,16,12,1199,393.0
21175,7,5,1740,650.0
21176,14,8,648,433.0
21177,14,8,1136,839.0
21178,16,12,1220,1176.0
21179,17,4,879,650.0
21180,14,7,1065,218.0
21181,19,12,831,564.0
21182,6,1,1191,986.0
21183,16,1,1631,561.0
21184,17,14,588,65.0
21185,13,2,500,420.0
21186,11,0,1698,1365.0
21187,13,9,1299,619.0
21188,9,5,898,849.0
21189,17,7,1381,611.0
21190,15,4,984,953.0
21191,12,10,1533,642.0
21192,17,9,1464,1417.0
21193,18,12,539,247.0
21194,7,5,1179,710.0
21195,18,10,751,718.0
21196,17,9,1497,1100.0
21197,15,2,1215,59.0
21198,11,10,1948,938.0
21199,13,4,1542,825.0
21200,5,4,1235,286.0
21201,7,4,1345,1273.0
21202,14,6,589,295.0
21203,6,4,1182,852.0
21204,19,15,1052,710.0
21205,11,7,1429,1277.0
21206,13,4,873,129.0
21207,5,0,836,690.0
21208,19,15,1478,701.0
21209,18,17,1460,309.0
21210,11,0,705,213.0
21211,15,9,1666,1112.0
21212,11,3,1077,199.0
21213,14,9,1020,55.0
21214,9,5,1235,1230.0
21215,18,5,1516,1052.0
21216,5,3,1499,541.0
21217,13,1,583,55.0
21218,16,7,1958,809.0
21219,11,8,1995,1738.0
21220,19,17,642,404.0
21221,6,5,1178,262.0
21222,12,11,1404,759.0
21223,12,10,1040,42.0
21224,14,11,1453,397.0
21225,11,6,1677,964.0
21226,6,4,517,233.0
21227,18,8,1560,1022.0
21228,19,16,1226,411.0
21229,7,2,1200,954.0
21230,14,10,1647,1528.0
21231,11,10,1308,416.0
21232,17,6,1615,638.0
21233,6,5,687,231.0
21234,9,8,637,574.0
21235,19,8,1606,148.0
21236,18,12,1543,730.0
21237,7,1,980,564.0
21238,9,0,1441,1290.0
21239,12,2,1383,632.0
21240,11,1,1009,529.0
21241,7,6,1754,1273.0
21242,10,1,860,667.0
21243,7,1,1543,1170.0
21244,8,6,1108,169.0
21245,8,3,673,105.0
21246,16,3,1758,793.0
21247,18,15,886,490.0
21248,12,5,1485,1201.0
21249,9,0,1038,246.0
21250,7,1,946,417.0
21251,17,9,1462,1177.0
21252,6,5,654,78.0
21253,13,5,1604,323.0
21254,15,9,1882,707.0
21255,6,4,1816,457.0
21256,12,8,765,356.0
21257,17,0,1398,936.0
21258,14,8,1980,912.0
21259,9,1,1559,179.0
21260,6,3,1928,1914.0
21261,5,1,1529,526.0
21262,7,3,952,156.0
21263,10,0,1517,344.0
21264,14,0,1741,865.0
21265,9,3,1596,1552.0
21266,10,8,1564,546.0
21267,18,4,1222,1097.0
21268,9,6,692,372.0
21269,12,1,1617,1285.0
21270,19,13,1571,1242.0
21271,19,15,1247,302.0
21272,17,6,1767,594.0
21273,8,4,714,303.0
21274,17,13,1935,1858.0
21275,19,11,1933,403.0
21276,9,5,1509,32.0
21277,8,2,954,590.0
21278,8,4,662,235.0
21279,13,9,888,630.0
21280,17,16,527,357.0
21281,11,7,820,246.0
21282,19,10,1493,475.0
21283,15,5,1929,1054.0
21284,11,5,764,555.0
21285,12,0,1092,607.0
21286,8,4,1891,1360.0
21287,7,5,1699,142.0
21288,14,3,683,681.0
21289,7,4,1664,104.0
21290,14,3,763,637.0
21291,11,1,572,410.0
21292,14,12,1963,1830.0
21293,15,5,1489,802.0
21294,15,13,1294,311.0
21295,5,0,997,56.0
21296,15,1,655,344.0
21297,8,6,1458,1053.0
21298,19,10,1243,221.0
21299,12,8,519,506.0
21300,5,4,1767,1728.0
21301,7,1,566,63.0
21302,19,3,515,418.0
21303,5,3,1168,854.0
21304,18,5,882,178.0
21305,18,11,1942,1869.0
21306,13,1,776,185.0
21307,8,6,564,170.0
21308,11,10,1975,454.0
21309,7,6,1212,866.0
21310,16,12,1118,44.0
21311,12,0,1388,1331.0
21312,13,0,1462,1285.0
21313,18,2,1130,741.0
21314,19,2,754,520.0
21315,14,1,1726,114.0
21316,8,1,1876,1153.0
21317,18,5,709,474.0
21318,13,12,557,39.0
21319,14,5,1914,419.0
21320,16,0,775,584.0
21321,12,10,1910,312.0
21322,6,5,1923,19.0
21323,9,6,1370,207.0
21324,13,3,994,363.0
21325,10,7,1078,209.0
21326,16,0,724,159.0
21327,15,11,1104,649.0
21328,7,1,1182,1132.0
21329,11,6,1795,1392.0
21330,17,15,1224,1001.0
21331,6,1,1442,712.0
21332,14,0,1023,418.0
21333,5,0,1361,384.0
21334,17,1,652,119.0
21335,18,15,935,627.0
21336,15,1,1345,1086.0
21337,14,12,1292,195.0
21338,14,7,1256,14.0
21339,15,11,1364,745.0
21340,8,4,1786,253.0
21341,18,7,1429,333.0
21342,7,0,682,629.0
21343,17,1,1199,707.0
21344,13,10,1688,1314.0
21345,17,4,1898,1715.0
21346,6,0,1438,513.0
21347,5,0,1463,13.0
21348,13,3,1584,1243.0
21349,12,5,1059,300.0
21350,15,11,1253,58.0
21351,18,16,1442,1107.0
21352,13,10,939,134.0
21353,19,17,986,275.0
21354,10,0,1029,176.0
21355,8,4,1280,1236.0
21356,17,14,898,336.0
21357,15,9,1381,1116.0
21358,11,1,1565,1010.0
21359,10,7,1299,205.0
21360,18,7,1726,1453.0
21361,11,1,1331,788.0
21362,17,11,1922,1301.0
21363,14,13,1038,463.0
21364,13,0,992,188.0
21365,6,4,1186,1028.0
21366,18,8,1920,1419.0
21367,8,2,1866,1471.0
21368,11,7,981,168.0
21369,19,18,1195,1125.0
21370,16,1,1706,130.0
21371,7,6,749,481.0
21372,5,1,1711,1411.0
21373,12,9,681,79.0
21374,10,1,1974,1187.0
21375,17,16,1510,561.0
21376,13,11,814,96.0
21377,11,7,1025,77.0
21378,9,7,1247,493.0
21379,13,11,1814,1173.0
21380,8,1,1233,964.0
21381,12,8,642,634.0
21382,10,6,721,639.0
21383,18,2,1670,127.0
21384,10,6,550,431.0
21385,17,15,699,71.0
21386,19,3,1138,111.0
21387,17,16,1903,356.0
21388,7,6,817,798.0
21389,16,1,1126,747.0
21390,5,0,1139,408.0
21391,10,7,926,373.0
21392,9,2,1506,1362.0
21393,19,18,726,475.0
21394,14,1,1753,743.0
21395,9,7,794,447.0
21396,12,8,1161,42.0
21397,12,1,1350,30.0
21398,10,0,619,162.0
21399,8,3,660,347.0
21400,10,5,1468,346.0
21401,18,0,1705,727.0
21402,13,12,1476,180.0
21403,13,8,1666,1641.0
21404,9,2,1026,269.0
21405,7,5,1033,250.0
21406,9,0,1529,1186.0
21407,12,10,559,77.0
21408,7,2,973,507.0
21409,13,9,1223,379.0
21410,15,7,956,264.0
21411,17,10,1797,1486.0
21412,5,2,882,694.0
21413,6,3,596,579.0
21414,9,2,574,495.0
21415,10,1,990,315.0
21416,19,5,1053,329.0
21417,14,9,858,548.0
21418,15,13,758,531.0
21419,11,7,1495,191.0
21420,6,5,1104,823.0
21421,16,14,1352,96.0
21422,15,1,1304,841.0
21423,12,6,1205,195.0
21424,14,2,562,21.0
21425,12,2,585,235.0
21426,9,3,1441,1417.0
21427,8,1,1075,286.0
21428,19,5,1629,649.0
21429,5,1,1975,966.0
21430,18,16,1798,1172.0
21431,5,2,545,270.0
21432,13,8,1657,781.0
21433,13,6,1341,418.0
21434,17,10,817,126.0
21435,17,0,1058,228.0
21436,15,7,1203,1091.0
21437,12,11,1744,1452.0
21438,15,8,740,674.0
21439,8,1,1133,398.0
21440,16,0,889,449.0
21441,8,1,1719,1184.0
21442,12,11,1285,675.0
21443,12,9,1850,1792.0
21444,13,5,1905,177.0
21445,15,11,1158,1013.0
21446,5,3,1325,1058.0
21447,11,3,772,592.0
21448,8,2,1743,810.0
21449,5,1,882,533.0
21450,16,12,1208,558.0
21451,16,8,1050,681.0
21452,9,8,1366,1017.0
21453,6,2,899,765.0
21454,8,7,1224,1176.0
21455,17,2,1131,947.0
21456,7,3,1884,1314.0
21457,14,9,1370,609.0
21458,17,15,1497,754.0
21459,5,1,867,619.0
21460,12,3,681,453.0
21461,15,7,884,205.0
21462,17,12,1358,282.0
21463,9,8,998,130.0
21464,16,14,1989,494.0
21465,14,10,862,275.0
21466,19,4,1785,447.0
21467,11,9,799,281.0
21468,11,1,793,6.0
21469,9,5,695,292.0
21470,7,5,728,164.0
21471,9,7,1940,631.0
21472,6,2,1304,897.0
21473,6,1,1078,268.0
21474,9,8,1259,861.0
21475,11,2,790,331.0
21476,18,0,1594,1064.0
21477,9,1,548,509.0
21478,16,2,1256,622.0
21479,16,14,1911,957.0
21480,11,3,1649,494.0
21481,15,9,1264,236.0
21482,14,6,1262,980.0
21483,15,10,1972,1789.0
21484,16,4,1484,831.0
21485,9,4,1090,902.0
21486,13,12,1259,636.0
21487,7,1,1439,831.0
21488,17,10,592,518.0
21489,6,0,1777,233.0
21490,8,0,870,725.0
21491,5,1,1106,170.0
21492,17,5,948,157.0
21493,11,8,1393,1142.0
21494,16,8,982,840.0
21495,6,0,1586,401.0
21496,7,4,1579,395.0
21497,7,4,644,48.0
21498,6,1,1157,982.0
21499,13,3,539,478.0
21500,7,1,750,581.0
21501,17,6,1472,1215.0
21502,9,8,1337,594.0
21503,19,13,1663,683.0
21504,9,2,861,536.0
21505,15,6,773,83.0
21506,12,11,1313,905.0
21507,18,14,1849,249.0
21508,19,17,1613,803.0
21509,9,4,1259,459.0
21510,14,6,1151,584.0
21511,7,3,1807,1596.0
21512,5,3,1763,418.0
21513,13,9,1029,364.0
21514,13,1,952,946.0
21515,18,7,654,186.0
21516,7,1,1827,1428.0
21517,15,13,1916,1613.0
21518,13,8,1924,1127.0
21519,7,2,1580,691.0
21520,7,2,1942,1802.0
21521,5,0,1582,751.0
21522,16,12,1234,859.0
21523,16,5,517,187.0
21524,8,6,1917,206.0
21525,16,8,1759,1673.0
21526,14,8,939,710.0
21527,19,17,1463,1331.0
21528,10,4,848,263.0
21529,7,4,1803,97.0
21530,18,3,915,129.0
21531,13,5,1354,1213.0
21532,14,10,1143,189.0
21533,7,3,632,628.0
21534,14,3,899,320.0
21535,16,2,1642,837.0
21536,11,7,1450,1087.0
21537,7,0,1463,781.0
21538,7,1,1013,251.0
21539,18,3,1587,262.0
21540,17,15,1665,767.0
21541,6,1,1815,1226.0
21542,7,6,739,389.0
21543,11,4,963,920.0
21544,17,14,1508,1027.0
21545,6,1,1000,271.0
21546,15,1,544,369.0
21547,8,7,1627,1258.0
21548,7,5,759,417.0
21549,16,5,1416,1345.0
21550,8,6,1088,613.0
21551,5,1,1596,912.0
21552,17,2,760,666.0
21553,8,7,857,236.0
21554,14,10,1100,186.0
21555,11,5,676,416.0
21556,13,6,658,430.0
21557,11,10,1239,168.0
21558,19,9,1901,1467.0
21559,14,6,1813,179.0
21560,9,4,1578,159.0
21561,17,6,1878,120.0
21562,6,2,1864,762.0
21563,9,8,1109,600.0
21564,8,7,1171,286.0
21565,15,14,1949,1350.0
21566,6,4,1722,27.0
21567,18,5,1920,1597.0
21568,17,6,1809,1177.0
21569,13,11,964,402.0
21570,6,3,1237,577.0
21571,12,6,1082,52.0
21572,11,0,828,364.0
21573,15,5,1241,934.0
21574,7,4,545,250.0
21575,19,7,1710,214.0
21576,9,2,1793,612.0
21577,12,7,1463,1111.0
21578,13,9,1100,163.0
21579,14,4,1951,202.0
21580,15,3,1704,729.0
21581,12,10,1897,1079.0
21582,16,10,809,361.0
21583,9,3,1306,338.0
21584,15,7,1771,1698.0
21585,7,6,1536,1052.0
21586,9,3,1509,1108.0
21587,8,5,1545,951.0
21588,11,2,1987,1197.0
21589,11,3,1022,473.0
21590,14,9,1337,1294.0
21591,10,1,522,410.0
21592,14,3,1883,178.0
21593,11,2,1787,782.0
21594,6,1,910,434.0
21595,18,12,781,464.0
21596,9,4,1501,137.0
21597,16,2,1176,492.0
21598,15,14,1285,1250.0
21599,18,17,583,385.0
21600,16,8,684,427.0
21601,14,10,1838,1024.0
21602,6,3,904,240.0
21603,6,1,1552,886.0
21604,17,16,1854,1233.0
21605,8,2,559,183.0
21606,13,12,1682,88.0
21607,19,6,1383,1016.0
21608,5,4,655,80.0
21609,14,3,1715,611.0
21610,17,8,906,569.0
21611,16,5,637,304.0
21612,7,3,1230,276.0
21613,12,8,1315,1131.0
21614,14,5,599,551.0
21615,8,7,1302,436.0
21616,18,4,727,553.0
21617,15,10,1787,1391.0
21618,12,1,1096,981.0
21619,8,4,1173,680.0
21620,12,7,816,687.0
21621,17,14,1970,1060.0
21622,12,11,1101,217.0
21623,9,0,1654,1140.0
21624,19,13,1191,304.0
21625,13,12,1089,504.0
21626,6,0,1033,832.0
21627,7,3,1781,935.0
21628,16,8,901,446.0
21629,17,1,1701,942.0
21630,10,8,1308,897.0
21631,17,16,1232,1208.0
21632,7,4,630,159.0
21633,5,3,1184,632.0
21634,12,1,1991,1308.0
21635,6,3,1256,1002.0
21636,14,10,1917,1331.0
21637,14,0,510,150.0
21638,12,9,1511,1248.0
21639,17,15,1813,108.0
21640,18,0,747,320.0
21641,5,0,1947,437.0
21642,16,6,935,295.0
21643,6,0,1421,1058.0
21644,7,4,1652,79.0
21645,7,1,672,593.0
21646,14,0,1031,693.0
21647,14,10,527,300.0
21648,7,3,739,234.0
21649,12,9,1596,1545.0
21650,6,3,575,59.0
21651,8,3,1364,1103.0
21652,15,5,1478,91.0
21653,13,5,1282,177.0
21654,15,9,1353,58.0
21655,7,0,1435,447.0
21656,17,13,1651,942.0
21657,15,13,516,88.0
21658,17,12,1000,371.0
21659,10,1,1754,1446.0
21660,17,9,1703,181.0
21661,17,6,1935,1311.0
21662,16,13,1898,1791.0
21663,12,10,1832,1568.0
21664,12,9,721,706.0
21665,19,2,1048,871.0
21666,7,3,1873,1074.0
21667,12,7,1465,501.0
21668,15,6,1477,271.0
21669,15,3,1748,920.0
21670,7,2,1383,1171.0
21671,17,4,1159,293.0
21672,13,6,1630,833.0
21673,12,11,857,485.0
21674,15,1,1293,182.0
21675,19,1,1162,207.0
21676,17,12,1747,1698.0
21677,13,1,736,165.0
21678,16,14,1418,1086.0
21679,7,0,757,192.0
21680,14,11,1750,1156.0
21681,17,5,549,377.0
21682,11,5,818,709.0
21683,13,10,974,729.0
21684,8,7,938,543.0
21685,7,6,1505,553.0
21686,5,3,1116,526.0
21687,19,1,991,637.0
21688,10,4,577,113.0
21689,15,11,1374,1114.0
21690,13,9,1251,461.0
21691,13,1,1747,1430.0
21692,13,8,1674,304.0
21693,16,9,800,471.0
21694,13,12,1016,806.0
21695,11,10,1327,80.0
21696,10,3,501,204.0
21697,9,1,1621,545.0
21698,14,6,858,112.0
21699,8,2,1532,1331.0
21700,10,0,1294,1055.0
21701,6,4,810,609.0
21702,11,10,811,290.0
21703,19,16,1318,1039.0
21704,5,1,1655,1485.0
21705,9,5,1702,1122.0
21706,10,4,1013,462.0
21707,17,6,1883,1384.0
21708,19,3,1862,1502.0
21709,16,3,1301,589.0
21710,6,2,1605,82.0
21711,18,7,718,68.0
21712,16,11,699,689.0
21713,5,3,1742,208.0
21714,12,11,1558,1339.0
21715,11,6,766,722.0
21716,10,2,1799,717.0
21717,18,15,1658,433.0
21718,12,0,1666,1298.0
21719,5,4,1998,186.0
21720,16,12,1491,1397.0
21721,15,9,1891,618.0
21722,16,6,1262,1214.0
21723,14,11,650,613.0
21724,18,8,907,649.0
21725,10,1,1234,193.0
21726,15,6,519,22.0
21727,12,3,1595,1464.0
21728,6,1,895,280.0
21729,18,13,1589,690.0
21730,10,7,1564,39.0
21731,17,13,1384,337.0
21732,16,8,1611,1036.0
21733,5,3,1733,1347.0
21734,6,0,1634,22.0
21735,12,1,922,327.0
21736,11,8,1291,778.0
21737,9,5,874,482.0
21738,6,1,1089,591.0
21739,12,4,1604,229.0
21740,17,8,1162,901.0
21741,16,0,1648,715.0
21742,9,5,910,172.0
21743,8,1,723,681.0
21744,15,0,999,867.0
21745,5,1,1300,286.0
21746,14,8,819,451.0
21747,6,2,1238,1119.0
21748,15,7,643,526.0
21749,8,3,1633,1299.0
21750,19,10,735,217.0
21751,13,5,1226,1109.0
21752,18,14,1339,434.0
21753,8,7,1445,671.0
21754,12,3,1424,1404.0
21755,10,3,883,856.0
21756,15,6,1452,381.0
21757,10,7,806,85.0
21758,7,4,849,562.0
21759,6,2,1812,1111.0
21760,14,4,947,209.0
21761,10,5,1605,997.0
21762,12,6,1916,91.0
21763,11,3,1895,730.0
21764,14,11,1123,606.0
21765,15,8,1409,445.0
21766,15,11,1484,286.0
21767,10,2,1005,985.0
21768,17,14,1675,1617.0
21769,7,1,1724,375.0
21770,9,8,1958,1795.0
21771,18,5,1930,486.0
21772,18,6,1518,757.0
21773,10,8,1704,273.0
21774,18,5,589,491.0
21775,18,4,859,762.0
21776,14,0,821,448.0
21777,9,3,1671,231.0
21778,7,0,1865,1713.0
21779,10,5,822,438.0
21780,18,0,1018,68.0
21781,13,6,829,698.0
21782,19,8,522,510.0
21783,5,0,1009,965.0
21784,17,14,1564,1399.0
21785,19,10,1448,532.0
21786,8,1,896,8.0
21787,11,9,605,154.0
21788,13,12,1056,198.0
21789,17,13,1330,860.0
21790,9,5,670,461.0
21791,13,3,1909,109.0
21792,16,14,1185,193.0
21793,15,3,1008,961.0
21794,7,4,1642,243.0
21795,11,8,1668,1626.0
21796,11,2,1482,480.0
21797,11,1,1229,123.0
21798,10,8,823,400.0
21799,15,2,1326,190.0
21800,19,12,932,626.0
21801,19,1,926,1.0
21802,10,9,1641,548.0
21803,6,4,660,632.0
21804,12,7,1051,349.0
21805,18,0,1889,1686.0
21806,10,0,1982,1455.0
21807,6,2,893,95.0
21808,13,1,1163,580.0
21809,7,6,589,297.0
21810,5,3,962,951.0
21811,17,13,697,667.0
21812,11,2,1312,1047.0
21813,10,3,1862,408.0
21814,12,7,1469,1150.0
21815,6,5,952,333.0
21816,11,6,704,641.0
21817,17,4,671,653.0
21818,8,5,1583,103.0
21819,14,12,809,517.0
21820,5,3,1151,785.0
21821,16,15,791,531.0
21822,15,8,1391,564.0
21823,15,13,1336,761.0
21824,5,1,1638,1179.0
21825,17,12,690,673.0
21826,12,2,1073,472.0
21827,16,10,643,412.0
21828,17,0,1660,977.0
21829,9,5,1395,359.0
21830,7,5,783,224.0
21831,9,1,1208,714.0
21832,15,0,799,195.0
21833,13,12,1145,843.0
21834,6,4,1169,308.0
21835,10,5,563,522.0
21836,18,8,1360,364.0
21837,8,6,1423,806.0
21838,5,2,1152,518.0
21839,17,7,1577,519.0
21840,9,0,1181,792.0
21841,17,2,1228,382.0
21842,18,17,1523,214.0
21843,14,11,867,859.0
21844,5,0,774,342.0
21845,14,4,1513,713.0
21846,7,6,812,172.0
21847,15,14,580,118.0
21848,11,4,783,540.0
21849,10,5,662,18.0
21850,12,8,1081,987.0
21851,19,12,697,535.0
21852,16,6,1406,1092.0
21853,14,2,1001,327.0
21854,6,0,1995,517.0
21855,16,1,1500,994.0
21856,5,2,530,491.0
21857,16,1,832,268.0
21858,18,7,1026,210.0
21859,17,3,672,144.0
21860,16,11,1267,729.0
21861,16,11,670,82.0
21862,10,1,928,188.0
21863,13,2,1897,150.0
21864,19,8,1382,1222.0
21865,12,5,1011,331.0
21866,12,7,1929,1178.0
21867,7,3,1076,347.0
21868,19,12,688,75.0
21869,16,12,1403,492.0
21870,9,1,734,65.0
21871,13,5,1234,881.0
21872,8,7,1159,351.0
21873,10,4,1968,1842.0
21874,5,0,1165,758.0
21875,5,0,1481,1323.0
21876,16,13,1569,1175.0
21877,17,2,1554,1092.0
21878,17,5,1876,647.0
21879,13,8,1793,1102.0
21880,12,3,1367,319.0
21881,10,3,1125,215.0
21882,16,15,1913,945.0
21883,9,6,1203,381.0
21884,11,5,828,546.0
21885,10,1,1155,1096.0
21886,9,7,618,575.0
21887,5,3,1545,519.0
21888,17,4,670,342.0
21889,11,4,563,291.0
21890,11,2,1293,1091.0
21891,7,6,1084,352.0
21892,17,3,1723,165.0
21893,6,0,831,385.0
21894,6,1,1933,1920.0
21895,6,2,1980,396.0
21896,5,4,1469,1134.0
21897,12,7,1514,721.0
21898,11,3,937,687.0
21899,11,0,1119,777.0
21900,17,0,1556,176.0
21901,15,4,1263,458.0
21902,5,3,1819,485.0
21903,19,16,1638,641.0
21904,14,2,1435,798.0
21905,18,7,1394,256.0
21906,12,10,1197,370.0
21907,14,10,1108,191.0
21908,7,2,1956,1571.0
21909,11,7,1026,276.0
21910,14,1,614,573.0
21911,16,2,516,160.0
21912,7,5,1334,90.0
21913,12,9,806,138.0
21914,12,8,1230,983.0
21915,16,11,687,275.0
21916,17,10,558,149.0
21917,15,12,507,42.0
21918,5,2,1670,793.0
21919,13,11,765,625.0
21920,10,8,1190,521.0
21921,13,4,1744,1530.0
21922,6,4,1248,442.0
21923,8,5,714,152.0
21924,6,4,1973,1242.0
21925,11,10,1670,29.0
21926,17,4,506,501.0
21927,10,9,736,87.0
21928,15,7,1019,648.0
21929,12,11,674,521.0
21930,9,2,1409,120.0
21931,19,2,1420,985.0
21932,14,12,774,341.0
21933,17,8,1377,751.0
21934,7,3,1517,993.0
21935,9,4,1663,43.0
21936,18,11,1538,1262.0
21937,18,7,511,361.0
21938,11,5,541,104.0
21939,11,9,940,618.0
21940,6,3,1666,815.0
21941,19,10,1659,1587.0
21942,16,12,1330,138.0
21943,12,8,983,584.0
21944,18,6,772,750.0
21945,8,0,1366,820.0
21946,16,3,1219,8.0
21947,11,9,507,171.0
21948,12,3,1735,960.0
21949,10,5,1291,160.0
21950,16,7,719,612.0
21951,19,14,1915,709.0
21952,14,9,917,624.0
21953,13,7,730,538.0
21954,17,4,1808,1295.0
21955,13,11,1908,1164.0
21956,9,4,1977,829.0
21957,11,6,1452,199.0
21958,6,4,1972,825.0
21959,18,1,930,519.0
21960,14,12,1190,169.0
21961,8,5,1968,1734.0
21962,12,0,1165,76.0
21963,7,5,1877,1698.0
21964,8,7,1997,819.0
21965,11,2,671,387.0
21966,8,4,1284,985.0
21967,9,3,974,970.0
21968,10,9,1759,767.0
21969,9,2,1465,512.0
21970,7,0,760,56.0
21971,8,0,661,590.0
21972,19,6,1304,462.0
21973,17,13,698,126.0
21974,17,8,1143,578.0
21975,12,3,1782,655.0
21976,19,6,1445,1028.0
21977,17,1,1261,88.0
21978,19,3,1902,1692.0
21979,7,4,1782,358.0
21980,16,10,1667,64.0
21981,17,12,1040,259.0
21982,14,5,1960,236.0
21983,9,4,1394,873.0
21984,14,9,1591,858.0
21985,12,8,1910,1405.0
21986,11,10,890,237.0
21987,17,14,864,650.0
21988,17,8,1994,1949.0
21989,10,4,823,541.0
21990,9,4,1552,361.0
21991,17,2,1463,335.0
21992,5,1,1910,1638.0
21993,7,6,1392,1109.0
21994,12,6,510,111.0
21995,12,11,1427,1285.0
21996,8,6,1731,1480.0
21997,19,12,875,322.0
21998,15,2,1348,1220.0
21999,5,1,616,511.0
22000,16,4,1263,1011.0
22001,11,4,635,629.0
22002,9,7,622,140.0
22003,17,0,1767,1081.0
22004,12,6,653,297.0
22005,13,4,1716,1512.0
22006,8,4,570,275.0
22007,18,2,1813,1136.0
22008,8,2,1356,1145.0
22009,12,0,1553,477.0
22010,16,3,1985,954.0
22011,13,6,1471,741.0
22012,15,10,705,547.0
22013,7,5,1208,1194.0
22014,9,0,906,146.0
22015,13,6,663,471.0
22016,6,1,1916,169.0
22017,13,11,1976,1895.0
22018,11,1,1761,1537.0
22019,5,3,1520,236.0
22020,7,4,915,821.0
22021,17,10,1768,466.0
22022,17,10,1096,393.0
22023,14,8,631,400.0
22024,14,12,843,774.0
22025,9,1,519,284.0
22026,19,12,1152,465.0
22027,6,1,1810,705.0
22028,12,4,1682,38.0
22029,12,11,739,51.0
22030,5,3,1005,850.0
22031,9,4,676,349.0
22032,17,16,1595,387.0
22033,5,4,1623,706.0
22034,5,3,1178,951.0
22035,5,0,772,179.0
22036,17,1,1964,426.0
22037,6,0,1413,653.0
22038,14,10,1963,1578.0
22039,13,5,1795,280.0
22040,8,3,1801,251.0
22041,19,13,1992,1463.0
22042,7,0,1649,1432.0
22043,16,2,571,477.0
22044,10,0,1746,1122.0
22045,17,1,1903,145.0
22046,6,4,1055,416.0
22047,11,6,893,847.0
22048,11,9,877,868.0
22049,7,2,1088,594.0
22050,17,11,830,518.0
22051,12,8,1805,663.0
22052,17,3,541,371.0
22053,16,13,1781,1749.0
22054,16,3,722,586.0
22055,13,2,646,409.0
22056,6,0,1309,35.0
22057,7,5,1758,1008.0
22058,7,5,1079,442.0
22059,7,3,1087,983.0
22060,19,18,982,875.0
22061,14,5,1191,952.0
22062,10,4,1361,244.0
22063,7,4,1055,65.0
22064,17,3,1767,1749.0
22065,16,9,1626,716.0
22066,12,6,1661,433.0
22067,7,3,521,134.0
22068,9,1,1247,179.0
22069,5,2,1564,804.0
22070,12,0,1515,787.0
22071,19,0,822,704.0
22072,15,5,1638,991.0
22073,9,6,932,379.0
22074,16,12,710,489.0
22075,10,0,1883,1518.0
22076,8,0,1401,855.0
22077,15,2,1383,1261.0
22078,14,13,1791,115.0
22079,15,7,1432,1203.0
22080,7,5,1300,545.0
22081,16,11,1090,818.0
22082,17,16,1262,42.0
22083,10,1,1637,1103.0
22084,18,6,1068,168.0
22085,13,10,755,719.0
22086,15,3,874,163.0
22087,6,2,1531,1162.0
22088,10,3,1348,626.0
22089,15,9,656,329.0
22090,17,8,1434,330.0
22091,18,3,1292,956.0
22092,16,8,1983,1140.0
22093,14,13,1623,217.0
22094,5,2,869,271.0
22095,19,3,1555,444.0
22096,16,15,1827,1003.0
22097,15,13,772,227.0
22098,8,3,1764,253.0
22099,15,1,1046,88.0
22100,19,11,594,334.0
22101,17,4,1896,1281.0
22102,6,0,1320,168.0
22103,17,1,1687,898.0
22104,8,5,1069,46.0
22105,18,6,1170,118.0
22106,16,8,1595,1187.0
22107,7,3,1347,1191.0
22108,15,6,1324,526.0
22109,14,4,966,346.0
22110,14,1,1538,89.0
22111,6,1,846,137.0
22112,15,4,1389,1226.0
22113,18,14,574,473.0
22114,17,10,607,368.0
22115,17,3,1636,239.0
22116,11,4,709,622.0
22117,14,12,882,654.0
22118,14,3,1781,853.0
22119,17,14,1305,686.0
22120,17,12,1433,992.0
22121,14,9,1352,115.0
22122,15,8,1966,275.0
22123,9,4,1178,461.0
22124,14,2,1500,1428.0
22125,9,3,1212,614.0
22126,13,12,989,193.0
22127,16,15,1602,1105.0
22128,16,6,1263,398.0
22129,13,10,728,480.0
22130,13,5,1607,775.0
22131,16,12,1490,1482.0
22132,16,5,550,154.0
22133,11,9,1762,454.0
22134,12,11,1455,737.0
22135,8,1,556,419.0
22136,9,2,1737,853.0
22137,10,0,1229,1211.0
22138,5,4,1606,314.0
22139,12,11,1239,172.0
22140,17,13,734,527.0
22141,9,2,1264,874.0
22142,19,11,864,674.0
22143,13,3,1014,657.0
22144,8,0,500,475.0
22145,10,1,1411,1209.0
22146,13,0,525,15.0
22147,7,6,1967,293.0
22148,19,13,1377,813.0
22149,7,1,1843,173.0
22150,14,12,652,457.0
22151,14,11,797,533.0
22152,7,5,1043,912.0
22153,7,1,1418,798.0
22154,11,3,565,412.0
22155,13,0,887,130.0
22156,17,11,656,201.0
22157,17,4,874,299.0
22158,15,6,1352,1277.0
22159,6,0,1195,626.0
22160,10,0,751,378.0
22161,8,7,639,333.0
22162,16,11,1804,805.0
22163,17,3,1920,1901.0
22164,13,7,1581,1573.0
22165,11,5,912,360.0
22166,17,10,745,20.0
22167,13,1,511,98.0
22168,14,1,1011,703.0
22169,11,6,1278,273.0
22170,12,2,1344,919.0
22171,5,4,1291,982.0
22172,18,15,896,879.0
22173,12,10,1892,1287.0
22174,19,2,1247,1109.0
22175,14,4,684,211.0
22176,6,5,1109,1058.0
22177,11,7,1247,532.0
22178,12,0,773,290.0
22179,9,0,1019,890.0
22180,12,10,645,327.0
22181,15,13,1788,1260.0
22182,17,11,1422,570.0
22183,10,6,1558,621.0
22184,9,8,1858,328.0
22185,9,5,1767,1307.0
22186,14,8,618,497.0
22187,15,3,1037,219.0
22188,19,3,1554,1163.0
22189,8,3,759,24.0
22190,14,4,571,468.0
22191,8,2,1469,1272.0
22192,8,6,551,503.0
22193,14,5,1579,1495.0
22194,13,1,1838,1333.0
22195,19,8,1841,267.0
22196,17,15,876,149.0
22197,8,4,1079,1070.0
22198,10,6,620,206.0
22199,12,7,747,158.0
22200,17,7,1012,48.0
22201,17,16,522,249.0
22202,17,7,1499,935.0
22203,18,4,768,140.0
22204,7,0,740,184.0
22205,8,5,807,238.0
22206,11,7,1089,800.0
22207,17,6,507,211.0
22208,10,1,804,670.0
22209,15,4,1335,725.0
22210,7,6,1544,81.0
22211,10,6,1378,1211.0
22212,13,8,1378,1362.0
22213,8,5,1923,945.0
22214,6,1,1702,1043.0
22215,10,5,739,444.0
22216,17,9,1796,311.0
22217,15,7,1456,812.0
22218,11,9,1884,202.0
22219,18,15,707,531.0
22220,12,11,898,404.0
22221,9,6,1609,954.0
22222,14,0,603,274.0
22223,12,8,1723,956.0
22224,14,4,1593,1438.0
22225,8,4,1988,1446.0
22226,13,1,1057,692.0
22227,5,1,1032,777.0
22228,10,2,1951,1157.0
22229,7,1,1473,454.0
22230,12,6,1477,478.0
22231,10,7,1106,217.0
22232,19,1,741,468.0
22233,11,10,1656,1107.0
22234,15,12,1134,626.0
22235,8,7,922,485.0
22236,14,7,627,43.0
22237,16,5,1385,322.0
22238,8,3,1145,880.0
22239,13,1,1756,1511.0
22240,11,8,711,667.0
22241,19,16,1899,765.0
22242,16,13,679,614.0
22243,7,3,1252,925.0
22244,11,9,1387,1185.0
22245,16,0,1886,1706.0
22246,7,5,1477,347.0
22247,14,9,1930,1603.0
22248,9,2,860,806.0
22249,17,11,1539,1207.0
22250,15,3,1144,431.0
22251,16,13,613,179.0
22252,19,2,909,423.0
22253,5,0,1743,1131.0
22254,19,18,1469,925.0
22255,15,7,544,62.0
22256,7,1,873,800.0
22257,5,1,947,211.0
22258,16,15,1389,81.0
22259,9,4,798,667.0
22260,15,12,519,405.0
22261,16,11,1676,678.0
22262,18,16,1651,1619.0
22263,7,6,1147,935.0
22264,13,7,1011,864.0
22265,19,6,1688,1495.0
22266,13,9,1613,870.0
22267,12,10,1469,1379.0
22268,14,1,1738,1055.0
22269,7,3,1838,220.0
22270,17,0,1261,419.0
22271,7,3,1362,1111.0
22272,19,7,1461,1097.0
22273,17,1,819,447.0
22274,16,9,1062,273.0
22275,6,4,997,590.0
22276,9,7,598,116.0
22277,15,0,564,306.0
22278,14,5,1316,300.0
22279,17,2,1746,1259.0
22280,14,9,1694,1573.0
22281,13,10,1783,1392.0
22282,16,3,1524,113.0
22283,12,2,1728,526.0
22284,11,9,1678,1209.0
22285,18,16,828,655.0
22286,12,8,1622,1123.0
22287,16,14,979,692.0
22288,12,1,1052,796.0
22289,14,5,1958,1021.0
22290,8,4,1310,995.0
22291,11,4,1504,1244.0
22292,14,7,970,293.0
22293,8,6,1931,1240.0
22294,16,10,1858,759.0
22295,13,0,1528,398.0
22296,7,4,791,358.0
22297,10,0,1614,403.0
22298,7,5,1409,211.0
22299,14,7,1437,194.0
22300,11,5,1472,1076.0
22301,15,10,1418,1238.0
22302,14,12,1004,229.0
22303,12,1,1683,327.0
22304,9,3,1892,135.0
22305,10,0,1744,5.0
22306,15,9,1163,715.0
22307,6,5,621,511.0
22308,16,1,1383,549.0
22309,18,15,784,420.0
22310,13,11,1066,838.0
22311,13,6,1400,314.0
22312,19,0,1766,739.0
22313,9,4,846,62.0
22314,5,1,1662,3.0
22315,8,2,1520,963.0
22316,10,9,1923,1438.0
22317,12,4,1773,1621.0
22318,13,4,501,19.0
22319,11,0,1274,887.0
22320,18,10,986,567.0
22321,11,1,676,584.0
22322,13,4,974,496.0
22323,11,10,1309,1245.0
22324,15,3,888,682.0
22325,7,2,794,724.0
22326,18,2,1454,1384.0
22327,11,7,1654,257.0
22328,6,0,1084,17.0
22329,18,12,1210,983.0
22330,19,2,1306,439.0
22331,6,0,1206,925.0
22332,13,12,603,409.0
22333,8,1,952,293.0
22334,18,12,1878,384.0
22335,14,7,1285,149.0
22336,13,7,568,447.0
22337,8,7,1206,717.0
22338,9,7,533,195.0
22339,16,2,696,153.0
22340,17,16,1850,1699.0
22341,10,8,640,501.0
22342,6,1,1496,530.0
22343,15,2,1378,396.0
22344,6,1,1552,670.0
22345,17,1,887,193.0
22346,8,0,1769,351.0
22347,19,11,855,846.0
22348,14,12,1167,111.0
22349,17,2,1386,1213.0
22350,14,3,1284,755.0
22351,9,6,1517,1406.0
22352,14,9,627,497.0
22353,12,5,1836,1826.0
22354,17,9,1356,50.0
22355,7,6,941,817.0
22356,6,1,1793,901.0
22357,6,4,1269,212.0
22358,16,0,1039,329.0
22359,7,3,1182,837.0
22360,19,11,884,248.0
22361,10,8,1162,632.0
22362,6,5,613,366.0
22363,7,3,518,174.0
22364,8,0,1195,882.0
22365,12,10,1591,688.0
22366,19,16,1345,263.0
22367,11,2,764,118.0
22368,11,2,1226,1012.0
22369,19,12,1552,586.0
22370,18,6,1233,294.0
22371,14,8,1827,818.0
22372,15,12,865,426.0
22373,7,3,1133,151.0
22374,18,13,644,409.0
22375,15,9,1156,641.0
22376,7,4,967,958.0
22377,6,5,1970,1328.0
22378,17,3,530,354.0
22379,9,3,1781,1709.0
22380,8,3,1553,1099.0
22381,16,11,1227,783.0
22382,17,1,1393,194.0
22383,17,12,1893,238.0
22384,14,0,1076,919.0
22385,19,4,891,758.0
22386,10,4,1273,1039.0
22387,8,2,1393,1054.0
22388,13,3,686,122.0
22389,14,8,1708,100.0
22390,16,7,1804,1221.0
22391,19,8,1376,312.0
22392,11,10,1073,599.0
22393,17,5,1340,1274.0
22394,7,4,581,62.0
22395,11,10,1796,315.0
22396,18,11,1709,1123.0
22397,16,15,1981,1878.0
22398,11,8,831,318.0
22399,16,7,1267,574.0
22400,19,3,1915,1353.0
22401,6,5,1681,86.0
22402,17,13,1728,340.0
22403,7,2,1156,602.0
22404,8,4,1062,963.0
22405,12,10,507,127.0
22406,9,3,1039,142.0
22407,19,10,1079,274.0
22408,17,8,682,371.0
22409,12,2,1007,788.0
22410,6,3,1027,395.0
22411,12,10,1527,643.0
22412,16,11,935,854.0
22413,9,3,1873,1335.0
22414,12,3,1619,1541.0
22415,18,5,1163,382.0
22416,9,4,1144,846.0
22417,12,4,1925,960.0
22418,16,12,941,154.0
22419,17,7,694,468.0
22420,19,18,1496,1094.0
22421,9,5,870,272.0
22422,13,5,1103,165.0
22423,18,16,1301,394.0
22424,12,1,1299,629.0
22425,10,3,1713,831.0
22426,16,0,910,903.0
22427,9,3,1759,923.0
22428,5,0,1250,362.0
22429,19,9,850,693.0
22430,11,6,1435,1250.0
22431,17,15,1923,1135.0
22432,12,8,1448,66.0
22433,8,1,1877,924.0
22434,17,11,1132,204.0
22435,12,7,1957,376.0
22436,13,7,1492,1083.0
22437,14,2,1473,229.0
22438,11,6,1316,875.0
22439,18,4,991,35.0
22440,17,8,903,18.0
22441,5,3,646,103.0
22442,13,10,588,105.0
22443,7,5,540,168.0
22444,11,8,1004,18.0
22445,16,10,730,659.0
22446,12,4,855,534.0
22447,10,7,512,285.0
22448,8,1,1098,482.0
22449,7,5,1717,1571.0
22450,18,10,1193,605.0
22451,18,12,1657,158.0
22452,11,5,1639,1573.0
22453,7,2,620,127.0
22454,15,4,1431,343.0
22455,8,6,724,289.0
22456,10,6,1880,1703.0
22457,10,8,1591,1482.0
22458,12,0,925,907.0
22459,16,11,1506,491.0
22460,5,1,627,287.0
22461,11,4,1723,1151.0
22462,17,7,1363,1024.0
22463,18,3,1134,1085.0
22464,15,11,1803,991.0
22465,6,2,1897,1052.0
22466,11,8,1564,1078.0
22467,9,0,977,98.0
22468,10,3,1648,396.0
22469,16,11,978,323.0
22470,17,1,1551,410.0
22471,15,12,1857,1750.0
22472,18,13,1988,1475.0
22473,19,9,1873,1836.0
22474,13,1,676,283.0
22475,12,0,1240,539.0
22476,19,9,563,440.0
22477,6,2,800,397.0
22478,7,4,1021,204.0
22479,13,0,727,347.0
22480,7,5,1284,1003.0
22481,13,0,1987,0.0
22482,13,7,519,264.0
22483,13,6,703,543.0
22484,8,4,675,467.0
22485,11,8,925,875.0
22486,12,5,1724,1116.0
22487,19,3,1945,1325.0
22488,19,1,1331,1313.0
22489,7,6,1802,552.0
22490,5,1,679,335.0
22491,12,2,1105,50.0
22492,6,1,1327,593.0
22493,8,3,1010,268.0
22494,8,4,1364,382.0
22495,6,1,892,443.0
22496,8,2,884,576.0
22497,8,0,679,596.0
22498,18,9,636,115.0
22499,9,2,1407,356.0
22500,17,11,1567,10.0
22501,15,9,1684,1399.0
22502,17,8,584,68.0
22503,14,5,790,643.0
22504,5,1,1988,809.0
22505,7,6,1349,683.0
22506,10,2,527,56.0
22507,7,3,818,492.0
22508,13,9,1492,699.0
22509,7,2,804,290.0
22510,5,3,826,23.0
22511,12,10,849,394.0
22512,17,6,1742,713.0
22513,18,7,1205,1063.0
22514,11,9,1463,1421.0
22515,19,11,816,623.0
22516,7,4,816,83.0
22517,16,3,1692,1563.0
22518,14,11,1995,777.0
22519,5,2,559,83.0
22520,17,10,915,203.0
22521,17,15,1226,938.0
22522,15,14,1183,1077.0
22523,14,10,881,773.0
22524,10,3,866,332.0
22525,18,16,1645,570.0
22526,12,6,821,742.0
22527,8,7,1539,1420.0
22528,18,4,1923,1801.0
22529,14,3,1790,1693.0
22530,19,10,1536,31.0
22531,13,10,1373,1098.0
22532,12,0,1786,1765.0
22533,9,2,1775,887.0
22534,5,0,1964,760.0
22535,17,4,1032,486.0
22536,15,10,660,2.0
22537,12,0,1787,202.0
22538,14,13,1614,90.0
22539,19,15,853,469.0
22540,12,11,1546,86.0
22541,13,10,1350,1180.0
22542,19,17,1046,140.0
22543,13,11,1437,1100.0
22544,9,4,892,194.0
22545,12,5,569,440.0
22546,15,10,1803,1563.0
22547,15,2,1011,163.0
22548,18,4,1311,192.0
22549,6,1,1405,837.0
22550,6,4,588,356.0
22551,5,0,663,155.0
22552,15,3,1776,1032.0
22553,17,16,1435,40.0
22554,16,2,1727,1194.0
22555,12,8,1262,1179.0
22556,14,2,969,902.0
22557,6,1,963,58.0
22558,15,8,1780,1385.0
22559,13,4,1617,614.0
22560,8,4,1088,672.0
22561,17,16,1718,1088.0
22562,17,10,695,499.0
22563,8,4,763,157.0
22564,8,5,1399,485.0
22565,16,0,817,571.0
22566,7,0,542,431.0
22567,15,13,1090,499.0
22568,19,15,1055,563.0
22569,14,13,1003,944.0
22570,12,10,1491,1138.0
22571,7,3,647,161.0
22572,7,0,1575,126.0
22573,11,9,1196,15.0
22574,17,11,1713,500.0
22575,10,4,1771,203.0
22576,9,7,1950,961.0
22577,7,0,1970,608.0
22578,17,6,1155,277.0
22579,16,2,1849,114.0
22580,17,11,738,630.0
22581,19,0,1742,404.0
22582,6,5,755,248.0
22583,17,16,1234,225.0
22584,6,0,851,699.0
22585,10,9,895,649.0
22586,7,2,1658,416.0
22587,12,0,1420,1310.0
22588,17,7,1983,930.0
22589,6,5,1175,835.0
22590,6,1,1806,664.0
22591,8,7,1583,460.0
22592,17,4,1615,778.0
22593,10,1,1545,225.0
22594,12,2,1118,785.0
22595,7,1,1713,1581.0
22596,12,5,1944,9.0
22597,10,6,1294,7.0
22598,6,0,1175,174.0
22599,8,6,638,437.0
22600,16,13,623,278.0
22601,14,1,1372,1288.0
22602,15,12,1190,979.0
22603,11,7,1931,56.0
22604,8,7,1429,913.0
22605,16,6,710,282.0
22606,17,16,710,322.0
22607,9,3,1963,1252.0
22608,11,0,1702,1128.0
22609,10,7,688,606.0
22610,19,9,1459,655.0
22611,18,17,970,954.0
22612,7,2,1042,68.0
22613,14,8,1197,134.0
22614,13,9,1836,922.0
22615,17,1,1976,1874.0
22616,11,8,599,251.0
22617,18,11,1853,1362.0
22618,5,4,1159,281.0
22619,13,6,1994,224.0
22620,14,4,844,778.0
22621,14,3,1424,546.0
22622,16,9,891,397.0
22623,11,3,1046,386.0
22624,8,1,1970,214.0
22625,7,0,833,461.0
22626,6,5,675,125.0
22627,13,3,1009,335.0
22628,8,4,1641,342.0
22629,8,4,761,625.0
22630,15,1,509,494.0
22631,16,2,1487,1145.0
22632,19,17,1042,600.0
22633,15,5,711,484.0
22634,8,7,679,199.0
22635,5,4,832,21.0
22636,13,12,1811,885.0
22637,8,6,1208,308.0
22638,11,8,1947,1015.0
22639,9,6,1814,1303.0
22640,10,9,1036,406.0
22641,15,10,833,124.0
22642,13,1,1677,150.0
22643,15,6,1963,108.0
22644,10,6,557,90.0
22645,19,18,1809,588.0
22646,16,8,1196,1028.0
22647,16,2,1247,776.0
22648,18,8,584,278.0
22649,16,9,1103,897.0
22650,6,1,700,651.0
22651,12,8,1684,1010.0
22652,6,1,1759,737.0
22653,13,7,1646,1399.0
22654,5,2,1288,376.0
22655,6,0,1330,1117.0
22656,11,0,1947,234.0
22657,17,16,1028,691.0
22658,18,13,1550,380.0
22659,7,3,1483,603.0
22660,7,5,681,117.0
22661,14,10,877,766.0
22662,19,14,1952,1499.0
22663,10,2,1578,1175.0
22664,16,6,1503,988.0
22665,16,7,1905,190.0
22666,17,2,1375,674.0
22667,15,2,1374,518.0
22668,16,2,1916,1618.0
22669,12,4,989,857.0
22670,6,2,665,371.0
22671,19,9,583,73.0
22672,11,4,755,98.0
22673,13,11,1853,395.0
22674,18,7,1540,1064.0
22675,12,10,1726,712.0
22676,14,8,939,774.0
22677,10,7,1040,1012.0
22678,7,0,1148,730.0
22679,10,1,1090,777.0
22680,17,9,1633,973.0
22681,5,4,829,245.0
22682,17,14,1083,937.0
22683,18,3,1164,937.0
22684,12,4,1171,574.0
22685,5,2,1630,678.0
22686,17,16,512,82.0
22687,9,3,1775,398.0
22688,18,17,1570,1096.0
22689,9,2,1698,1419.0
22690,11,1,770,157.0
22691,17,3,1207,430.0
22692,7,6,1848,1524.0
22693,16,13,1829,1649.0
22694,9,4,954,254.0
22695,18,4,1988,1790.0
22696,10,4,1832,1438.0
22697,15,2,1673,1304.0
22698,7,5,1180,813.0
22699,19,13,1007,948.0
22700,8,0,1288,1161.0
22701,6,5,1258,867.0
22702,15,0,1199,181.0
22703,6,3,1532,754.0
22704,18,1,1127,242.0
22705,16,2,742,405.0
22706,7,1,1763,1569.0
22707,16,0,1099,105.0
22708,14,4,1986,978.0
22709,12,1,1882,725.0
22710,17,14,1657,657.0
22711,11,10,1393,1147.0
22712,12,7,1566,910.0
22713,16,8,503,295.0
22714,15,3,508,26.0
22715,16,7,764,332.0
22716,19,0,533,519.0
22717,10,1,1029,161.0
22718,15,10,1289,1080.0
22719,19,8,1290,649.0
22720,9,8,1686,71.0
22721,17,14,1244,744.0
22722,10,5,1113,437.0
22723,18,15,1111,115.0
22724,15,11,957,547.0
22725,15,9,1035,495.0
22726,11,8,1717,1466.0
22727,13,3,1115,117.0
22728,16,13,1722,760.0
22729,16,14,1873,764.0
22730,11,1,1005,776.0
22731,8,7,1504,53.0
22732,6,1,1702,371.0
22733,13,0,818,728.0
22734,17,15,1896,1791.0
22735,11,10,1316,606.0
22736,12,2,1717,1225.0
22737,17,12,736,419.0
22738,18,3,1264,367.0
22739,18,7,1263,1230.0
22740,7,0,1161,267.0
22741,7,3,891,273.0
22742,6,1,1905,705.0
22743,12,4,679,214.0
22744,12,8,1032,424.0
22745,18,7,793,84.0
22746,9,3,1429,605.0
22747,19,2,1586,1175.0
22748,12,8,938,657.0
22749,14,11,1023,371.0
22750,8,3,1441,833.0
22751,14,4,1195,102.0
22752,18,10,1935,1299.0
22753,11,3,1889,258.0
22754,11,5,1150,56.0
22755,15,8,708,443.0
22756,19,9,1793,1279.0
22757,19,8,712,313.0
22758,10,4,565,523.0
22759,18,1,1482,919.0
22760,17,7,1021,570.0
22761,11,10,682,380.0
22762,15,5,529,119.0
22763,17,7,839,296.0
22764,9,2,614,358.0
22765,6,1,1851,1364.0
22766,14,1,1639,424.0
22767,10,3,1030,961.0
22768,14,9,1727,431.0
22769,17,4,1739,950.0
22770,6,0,1849,647.0
22771,18,17,1963,1960.0
22772,7,3,1432,116.0
22773,15,3,538,306.0
22774,12,4,1517,808.0
22775,5,3,1334,94.0
22776,15,9,877,380.0
22777,17,8,732,593.0
22778,14,12,1746,1684.0
22779,8,5,1415,1221.0
22780,14,10,1643,410.0
22781,17,0,1211,600.0
22782,8,4,1411,189.0
22783,11,9,591,308.0
22784,15,6,742,148.0
22785,5,1,918,297.0
22786,7,2,1726,1050.0
22787,13,10,1882,1191.0
22788,14,11,1663,1399.0
22789,16,9,1794,1658.0
22790,5,0,1817,1153.0
22791,17,13,510,35.0
22792,10,8,874,553.0
22793,19,8,908,46.0
22794,13,1,1177,207.0
22795,13,7,1924,67.0
22796,12,0,1006,818.0
22797,15,8,1411,1257.0
22798,13,6,1371,138.0
22799,6,5,1020,11.0
22800,14,10,1635,889.0
22801,17,8,1709,831.0
22802,14,8,1854,713.0
22803,17,16,1393,527.0
22804,10,0,1643,1284.0
22805,5,3,1220,911.0
22806,12,7,1534,1047.0
22807,19,18,1477,123.0
22808,7,3,681,406.0
22809,9,0,1135,927.0
22810,17,5,528,407.0
22811,10,5,1430,1041.0
22812,19,17,1364,781.0
22813,6,1,1839,1191.0
22814,15,10,1760,103.0
22815,9,7,1227,125.0
22816,12,9,1343,919.0
22817,7,3,1656,536.0
22818,16,6,1831,638.0
22819,10,4,1087,639.0
22820,5,2,1804,496.0
22821,15,1,1418,686.0
22822,11,8,1985,1064.0
22823,19,15,1414,240.0
22824,9,7,704,525.0
22825,8,4,730,348.0
22826,8,0,1520,1262.0
22827,9,3,1904,1899.0
22828,5,1,789,258.0
22829,8,0,1948,1188.0
22830,10,4,751,730.0
22831,10,1,1238,484.0
22832,12,3,1852,547.0
22833,16,5,1455,800.0
22834,17,9,513,347.0
22835,15,3,1231,679.0
22836,15,10,1676,1224.0
22837,5,3,1205,948.0
22838,14,7,1234,366.0
22839,12,10,1777,223.0
22840,7,0,1962,1619.0
22841,5,0,970,332.0
22842,9,1,909,167.0
22843,5,2,951,782.0
22844,15,0,1129,881.0
22845,15,11,1317,91.0
22846,9,0,722,487.0
22847,6,3,1429,120.0
22848,18,14,1913,1626.0
22849,14,11,865,74.0
22850,19,13,1079,634.0
22851,17,11,1079,334.0
22852,10,3,1811,931.0
22853,12,9,1351,921.0
22854,10,9,956,805.0
22855,17,0,1931,1057.0
22856,18,0,912,616.0
22857,14,8,840,740.0
22858,8,3,678,542.0
22859,18,1,1551,344.0
22860,8,6,1608,211.0
22861,13,10,615,79.0
22862,5,3,893,887.0
22863,13,0,1152,670.0
22864,6,4,1249,383.0
22865,16,0,1109,718.0
22866,13,6,896,144.0
22867,7,5,1904,1442.0
22868,7,5,1318,291.0
22869,6,2,1775,1352.0
22870,12,9,725,209.0
22871,14,7,1888,861.0
22872,5,0,1629,426.0
22873,14,8,642,266.0
22874,8,6,542,523.0
22875,13,0,1311,40.0
22876,18,9,1436,262.0
22877,7,0,769,623.0
22878,16,8,1351,4.0
22879,17,8,1176,1001.0
22880,10,5,896,334.0
22881,10,9,963,453.0
22882,14,5,1726,952.0
22883,18,11,1870,321.0
22884,16,15,1469,1451.0
22885,12,10,1123,1048.0
22886,12,2,724,398.0
22887,10,1,520,417.0
22888,9,4,844,470.0
22889,17,3,1670,1217.0
22890,8,5,1037,298.0
22891,6,2,642,36.0
22892,16,5,1451,85.0
22893,10,0,1255,655.0
22894,7,3,990,167.0
22895,11,7,623,212.0
22896,10,8,1386,617.0
22897,8,3,1769,271.0
22898,17,5,1738,159.0
22899,14,1,872,786.0
22900,7,2,562,46.0
22901,17,12,1275,645.0
22902,10,8,1677,1371.0
22903,8,7,1382,881.0
22904,11,9,790,449.0
22905,7,4,534,338.0
22906,7,6,1814,1332.0
22907,16,14,1531,119.0
22908,10,1,823,256.0
22909,14,1,1254,428.0
22910,15,5,1879,1546.0
22911,17,13,1989,1210.0
22912,5,2,1211,789.0
22913,10,1,756,390.0
22914,6,2,1317,110.0
22915,12,6,1686,1330.0
22916,6,2,1455,674.0
22917,14,7,590,253.0
22918,7,0,1805,317.0
22919,18,3,661,183.0
22920,5,0,1603,892.0
22921,17,7,605,388.0
22922,19,1,539,52.0
22923,15,5,979,914.0
22924,13,3,593,287.0
22925,16,3,1353,773.0
22926,9,3,1163,675.0
22927,11,10,1985,367.0
22928,17,7,980,510.0
22929,18,17,1800,1325.0
22930,12,2,1836,1661.0
22931,14,12,718,665.0
22932,10,9,997,662.0
22933,7,5,994,0.0
22934,19,6,1036,284.0
22935,12,2,1951,661.0
22936,14,4,1912,757.0
22937,18,3,1177,560.0
22938,5,4,775,470.0
22939,5,3,822,146.0
22940,9,5,1710,1315.0
22941,15,9,1696,533.0
22942,7,2,1633,560.0
22943,9,1,1141,405.0
22944,13,4,610,227.0
22945,8,6,831,479.0
22946,10,0,509,227.0
22947,7,5,1022,149.0
22948,17,5,709,88.0
22949,6,5,819,114.0
22950,12,7,874,662.0
22951,7,5,1721,441.0
22952,9,3,1466,888.0
22953,9,1,711,664.0
22954,10,0,745,64.0
22955,6,5,1247,747.0
22956,19,14,1010,956.0
22957,7,5,1397,776.0
22958,11,1,1933,652.0
22959,15,8,1179,1168.0
22960,12,5,582,201.0
22961,14,10,1127,724.0
22962,19,17,1299,599.0
22963,13,5,629,3.0
22964,8,2,1983,1652.0
22965,10,1,657,190.0
22966,13,6,1673,1171.0
22967,14,5,1979,1081.0
22968,17,7,1396,1211.0
22969,15,7,1353,976.0
22970,17,13,742,675.0
22971,9,3,537,455.0
22972,19,18,807,42.0
22973,10,3,1651,1196.0
22974,7,3,986,503.0
22975,8,4,1798,1694.0
22976,15,6,558,306.0
22977,10,5,885,838.0
22978,6,3,651,291.0
22979,15,8,1219,173.0
22980,13,10,1289,1017.0
22981,10,0,1018,698.0
22982,14,1,1437,610.0
22983,9,5,1167,206.0
22984,16,6,1919,1457.0
22985,9,4,999,742.0
22986,15,12,724,591.0
22987,9,2,957,347.0
22988,12,8,854,241.0
22989,5,3,1426,743.0
22990,19,8,743,4.0
22991,6,3,1809,576.0
22992,15,11,1099,888.0
22993,17,16,1416,528.0
22994,13,4,1890,1222.0
22995,11,10,1965,915.0
22996,9,1,1632,868.0
22997,18,10,670,336.0
22998,19,4,754,483.0
22999,7,3,986,503.0
23000,10,0,1018,698.0
23001,13,3,737,223.0
